COUNTY NUMBER,PRECINCT CODE,PRECINCT NAME,REGISTERED VOTERS TOTAL,REGISTERED VOTERS - Republican,REGISTERED VOTERS - Nonpartisan,BALLOTS CAST TOTAL,BALLOTS CAST - Republican,BALLOTS CAST - Nonpartisan,BALLOTS CAST BLANK,Republican for U.S. Senate,Republican for U.S. Senate,Republican for U.S. Senate,Republican for U.S. House 3,Republican for U.S. House 3,Republican for U.S. House 4,Republican for U.S. House 4,Republican for State Senate 23,Republican for State Senate 23,Republican for State School Board 11 (Multi-County),Republican for State School Board 11 (Multi-County),Republican for Utah County Commission Seat A,Republican for Utah County Commission Seat A,Republican for Utah County Commission Seat B,Republican for Utah County Commission Seat B,Republican for Utah County Attorney,Republican for Utah County Attorney,Republican for Utah County Auditor,Republican for Utah County Auditor,School Board Alpine 2,School Board Alpine 2,School Board Alpine 2,School Board Alpine 4,School Board Alpine 4,School Board Alpine 4,School Board Alpine 7,School Board Alpine 7,School Board Alpine 7,School Board Alpine 7,School Board Nebo 4,School Board Nebo 4,School Board Nebo 4,School Board Provo 4,School Board Provo 4,School Board Provo 4,
,,,,REP,NON,,REP,NON,,REP,REP,REP,REP,REP,REP,REP,REP,REP,REP,REP,REP,REP,REP,REP,REP,REP,REP,REP,NON,NON,NON,NON,NON,NON,NON,NON,NON,NON,NON,NON,NON,NON,NON,NON,
,,,VOTERS,VOTERS,VOTERS,BALLOTS CAST,BALLOTS CAST,BALLOTS CAST,BALLOTS CAST,BECKY EDWARDS,ALLY ISOM,MIKE LEE,CHRISTOPHER NILES HERROD,JOHN CURTIS,BURGESS OWENS,JAKE HUNSAKER,KEITH GROVER,BRANDON BECKHAM,KIM DEL GROSSO,CINDY DAVIS,AMELIA POWERS GARDNER,RENEE TRIBE,BILL LEE,BRANDON GORDON,DAVID O. LEAVITT,JEFF GRAY,ROD MANN,RUDY LIVINGSTON,JOYLIN LINCOLN,CHARLES MAX WOOD,WENDY RENCHER,LANA NELSON,SARAH L. BEESON,AMBER L. BONNER,JODI HASSON,COLE J. KELLEY,ADA WILSON,KARSTEN WALKER,ALAN D. HANSEN,BENJAMIN WOODWARD,RICK B. AINGE,JENNIFER PARTRIDGE,ANDREA B. PACE,ANGIE CARTER,
25,0001,AF301,1000,669,331,375,325,50,0,82,28,211,116,200,0,0,0,0,143,165,179,114,148,144,52,232,193,101,0,0,0,85,218,60,0,0,0,0,0,0,0,0,0,0,
25,0002,AF302,1028,688,340,386,325,61,0,105,17,202,125,185,0,0,0,0,142,170,172,134,151,150,72,224,186,111,0,0,0,100,195,79,0,0,0,0,0,0,0,0,0,0,
25,0003,AF304,1109,718,391,439,381,58,0,106,35,239,123,243,0,0,0,0,92,273,248,107,164,187,85,258,189,157,0,0,0,62,277,80,0,0,0,0,0,0,0,0,0,0,
25,0004,AF305,1143,772,371,518,441,77,0,153,30,254,150,281,0,0,0,0,125,299,252,148,212,190,98,288,215,173,0,0,0,50,412,50,0,0,0,0,0,0,0,0,0,0,
25,0005,AF306,984,662,322,452,385,67,1,112,27,241,107,265,0,0,0,0,142,212,224,121,167,177,77,257,231,105,0,0,0,73,331,37,0,0,0,0,0,0,0,0,0,0,
25,0006,AF307,188,120,68,78,69,9,0,14,4,50,24,44,0,0,0,0,24,42,43,22,37,31,11,50,37,26,0,0,0,18,42,15,0,0,0,0,0,0,0,0,0,0,
25,0007,AF308,951,686,265,337,304,33,0,90,26,185,99,200,0,0,0,0,111,175,174,106,147,133,70,198,136,137,0,0,0,93,120,104,0,0,0,0,0,0,0,0,0,0,
25,0008,AF310,673,673,0,341,341,0,0,83,20,237,115,210,0,0,0,0,164,147,177,132,163,152,82,222,153,165,0,0,0,0,0,0,0,0,0,0,0,0,0,0,0,0,
25,0009,AF311,376,376,0,213,213,0,0,45,14,153,85,126,0,0,0,0,94,110,104,101,124,83,29,160,141,64,0,0,0,0,0,0,0,0,0,0,0,0,0,0,0,0,
25,0010,AF312,700,700,0,337,337,0,0,98,27,212,101,233,0,0,0,0,103,224,217,107,173,152,108,198,203,116,0,0,0,0,0,0,0,0,0,0,0,0,0,0,0,0,
25,0011,AF314,1134,639,495,361,277,84,0,74,19,181,89,181,0,0,0,0,98,169,173,84,138,117,68,181,150,105,0,0,0,65,221,64,0,0,0,0,0,0,0,0,0,0,
25,0012,AF316,1064,659,405,370,315,55,0,119,20,175,127,179,0,0,0,0,108,191,153,118,110,163,60,210,146,122,0,0,0,72,217,56,0,0,0,0,0,0,0,0,0,0,
25,0013,AF317,584,584,0,238,238,0,0,58,21,159,88,144,0,0,0,0,102,126,136,90,122,103,54,161,127,97,0,0,0,0,0,0,0,0,0,0,0,0,0,0,0,0,
25,0014,AF318,530,530,0,229,229,0,1,77,21,129,83,137,0,0,0,0,83,131,134,81,95,121,57,138,140,76,0,0,0,0,0,0,0,0,0,0,0,0,0,0,0,0,
25,0015,AF319,577,577,0,309,309,0,0,101,15,191,84,217,0,0,0,0,127,169,191,104,130,157,90,186,154,133,0,0,0,0,0,0,0,0,0,0,0,0,0,0,0,0,
25,0016,AF320,389,389,0,203,203,0,0,49,17,136,61,138,0,0,0,0,101,93,94,101,125,69,41,126,126,65,0,0,0,0,0,0,0,0,0,0,0,0,0,0,0,0,
25,0017,AF322,697,697,0,231,231,0,0,79,9,143,67,158,0,0,0,0,82,135,137,77,94,115,69,138,127,80,0,0,0,0,0,0,0,0,0,0,0,0,0,0,0,0,
25,0018,AF323,424,424,0,193,193,0,0,51,20,121,62,130,0,0,0,0,77,111,115,67,99,86,46,115,101,82,0,0,0,0,0,0,0,0,0,0,0,0,0,0,0,0,
25,0019,AF324,3,3,0,0,0,0,0,0,0,0,0,0,0,0,0,0,0,0,0,0,0,0,0,0,0,0,0,0,0,0,0,0,0,0,0,0,0,0,0,0,0,0,
25,0020,AF401,1070,1070,0,403,403,0,0,140,51,210,0,0,225,163,0,0,187,191,206,162,194,176,93,248,212,155,0,0,0,0,0,0,0,0,0,0,0,0,0,0,0,0,
25,0021,AL301,1110,783,327,453,414,39,0,77,26,307,158,235,0,0,0,0,217,156,227,137,248,128,95,254,234,131,0,0,0,181,72,158,0,0,0,0,0,0,0,0,0,0,
25,0022,AL302,1334,970,364,550,500,50,0,127,22,348,185,296,0,0,0,0,265,187,269,183,277,169,108,321,283,147,0,0,0,199,107,193,0,0,0,0,0,0,0,0,0,0,
25,0023,AL303,626,452,174,231,212,19,0,54,20,138,56,148,0,0,0,0,104,87,111,71,101,88,41,134,111,72,0,0,0,73,57,74,0,0,0,0,0,0,0,0,0,0,
25,0024,AL304,872,603,269,274,238,36,0,58,15,163,94,137,0,0,0,0,115,110,135,79,112,104,39,167,134,80,0,0,0,76,51,124,0,0,0,0,0,0,0,0,0,0,
25,0025,AL305,1003,760,243,419,380,39,0,86,31,263,150,213,0,0,0,0,224,128,174,174,207,145,101,226,226,115,0,0,0,165,71,153,0,0,0,0,0,0,0,0,0,0,
25,0026,AL306,985,731,254,392,355,37,1,93,33,229,155,187,0,0,0,0,186,133,163,142,178,129,95,205,197,99,0,0,0,123,47,176,0,0,0,0,0,0,0,0,0,0,
25,0027,AL307,1128,788,340,402,361,41,0,90,18,252,143,204,0,0,0,0,171,166,184,139,179,148,91,221,191,130,0,0,0,112,107,151,0,0,0,0,0,0,0,0,0,0,
25,0028,CF401,174,174,0,66,66,0,0,9,5,52,0,0,48,17,0,0,0,0,36,23,33,28,10,48,34,25,0,0,0,0,0,0,0,0,0,0,0,0,0,0,0,0,
25,0029,CH301,945,626,319,299,249,50,0,81,26,138,78,165,0,0,0,0,100,135,133,92,113,114,66,156,131,88,0,0,0,93,53,145,0,0,0,0,0,0,0,0,0,0,
25,0030,CH302,654,399,255,158,129,29,0,28,16,85,38,83,0,0,0,0,54,65,68,43,49,65,25,84,66,46,0,0,0,46,31,66,0,0,0,0,0,0,0,0,0,0,
25,0031,CH304,892,634,258,347,299,48,0,86,16,197,113,180,0,0,0,0,150,133,168,111,150,125,84,190,169,100,0,0,0,132,39,163,0,0,0,0,0,0,0,0,0,0,
25,0032,CH305,1179,856,323,504,449,55,0,136,51,258,126,299,0,0,0,0,117,320,227,161,201,194,86,311,239,147,0,0,0,116,58,312,0,0,0,0,0,0,0,0,0,0,
25,0033,CH306,492,318,174,184,154,30,0,51,10,92,43,104,0,0,0,0,48,102,90,51,73,71,40,92,70,70,0,0,0,48,44,80,0,0,0,0,0,0,0,0,0,0,
25,0034,CH307,735,522,213,276,227,49,0,43,23,160,105,114,0,0,0,0,129,86,95,115,146,58,67,141,133,74,0,0,0,125,29,107,0,0,0,0,0,0,0,0,0,0,
25,0035,CH308,1197,828,369,462,408,54,1,97,23,281,130,260,0,0,0,0,129,257,241,119,183,193,107,250,208,152,0,0,0,106,143,184,0,0,0,0,0,0,0,0,0,0,
25,0036,DR301,644,351,293,171,152,19,0,48,4,100,37,106,0,0,0,0,64,70,85,49,61,73,35,91,69,65,0,0,0,52,54,38,0,0,0,0,0,0,0,0,0,0,
25,0037,DR302,1192,581,611,262,219,43,1,89,10,119,67,142,0,0,0,0,99,92,119,68,92,94,63,121,100,82,0,0,0,84,64,83,0,0,0,0,0,0,0,0,0,0,
25,0038,EM401,834,834,0,293,293,0,0,48,18,225,0,0,213,76,0,0,0,0,171,101,118,151,44,218,164,103,0,0,0,0,0,0,0,0,0,0,0,0,0,0,0,0,
25,0039,EM402,684,684,0,212,212,0,0,53,12,145,0,0,150,59,0,0,0,0,124,72,86,113,36,138,128,64,0,0,0,0,0,0,0,0,0,0,0,0,0,0,0,0,
25,0040,EM404,773,773,0,235,235,0,0,41,16,178,0,0,170,61,0,0,0,0,133,86,107,113,47,154,108,111,0,0,0,0,0,0,0,0,0,0,0,0,0,0,0,0,
25,0041,EM405,584,584,0,130,130,0,0,44,7,79,0,0,72,58,0,0,0,0,82,37,53,67,15,97,61,59,0,0,0,0,0,0,0,0,0,0,0,0,0,0,0,0,
25,0042,EM406,599,599,0,219,219,0,0,37,14,167,0,0,157,60,0,0,0,0,119,84,98,104,21,173,110,87,0,0,0,0,0,0,0,0,0,0,0,0,0,0,0,0,
25,0043,EM407,486,486,0,187,187,0,0,32,17,135,0,0,129,52,0,0,0,0,93,82,89,88,21,150,94,76,0,0,0,0,0,0,0,0,0,0,0,0,0,0,0,0,
25,0044,EM408,494,494,0,124,124,0,0,39,10,75,0,0,69,54,0,0,0,0,81,33,42,75,27,88,44,72,0,0,0,0,0,0,0,0,0,0,0,0,0,0,0,0,
25,0045,EM410,925,925,0,299,299,0,0,74,35,188,0,0,195,99,0,0,0,0,176,101,145,134,50,221,121,157,0,0,0,0,0,0,0,0,0,0,0,0,0,0,0,0,
25,0046,EM411,711,711,0,250,250,0,0,77,24,147,0,0,166,83,0,0,0,0,159,73,104,126,34,184,127,106,0,0,0,0,0,0,0,0,0,0,0,0,0,0,0,0,
25,0047,EM412,629,629,0,172,172,0,0,50,20,102,0,0,92,78,0,0,0,0,99,57,72,83,25,124,73,84,0,0,0,0,0,0,0,0,0,0,0,0,0,0,0,0,
25,0048,EM414,429,429,0,139,139,0,0,31,5,103,0,0,106,31,0,0,0,0,86,45,59,69,20,102,68,58,0,0,0,0,0,0,0,0,0,0,0,0,0,0,0,0,
25,0049,EM415,747,747,0,200,200,0,0,74,36,90,0,0,106,88,0,0,0,0,107,80,86,97,36,134,82,100,0,0,0,0,0,0,0,0,0,0,0,0,0,0,0,0,
25,0050,EM416,585,585,0,179,179,0,0,39,16,124,0,0,113,65,0,0,0,0,105,57,86,80,46,111,94,67,0,0,0,0,0,0,0,0,0,0,0,0,0,0,0,0,
25,0051,EM417,582,582,0,184,184,0,0,54,25,104,0,0,104,75,0,0,0,0,116,53,83,86,26,129,83,84,0,0,0,0,0,0,0,0,0,0,0,0,0,0,0,0,
25,0052,EM418,553,553,0,144,144,0,0,37,5,100,0,0,96,48,0,0,0,0,82,50,65,67,21,102,75,55,0,0,0,0,0,0,0,0,0,0,0,0,0,0,0,0,
25,0053,EM419,562,562,0,196,196,0,0,37,23,135,0,0,127,67,0,0,0,0,130,53,90,95,32,149,96,85,0,0,0,0,0,0,0,0,0,0,0,0,0,0,0,0,
25,0054,EM420,751,751,0,185,185,0,0,46,13,124,0,0,115,67,0,0,0,0,97,69,74,96,33,128,87,78,0,0,0,0,0,0,0,0,0,0,0,0,0,0,0,0,
25,0055,EM422,578,578,0,161,161,0,0,44,11,106,0,0,106,53,0,0,0,0,91,61,79,69,25,109,90,62,0,0,0,0,0,0,0,0,0,0,0,0,0,0,0,0,
25,0056,EM423,691,691,0,191,191,0,0,33,24,131,0,0,134,55,0,0,0,0,113,66,112,72,33,130,107,73,0,0,0,0,0,0,0,0,0,0,0,0,0,0,0,0,
25,0057,EM424,290,290,0,85,85,0,0,18,7,57,0,0,46,36,0,0,0,0,54,28,43,40,16,63,41,41,0,0,0,0,0,0,0,0,0,0,0,0,0,0,0,0,
25,0058,ER401,748,748,0,298,298,0,0,69,21,208,0,0,202,94,0,0,0,0,198,90,129,161,57,218,148,138,0,0,0,0,0,0,0,0,0,0,0,0,0,0,0,0,
25,0059,ER402,938,649,289,321,278,43,0,45,20,213,0,0,190,80,0,0,0,0,177,68,109,147,48,195,128,114,0,0,0,0,0,0,0,0,0,0,51,101,145,0,0,0,
25,0060,ER403,909,621,288,313,279,34,0,52,14,210,0,0,187,85,0,0,0,0,184,73,121,136,49,195,132,116,0,0,0,0,0,0,0,0,0,0,33,125,122,0,0,0,
25,0061,FF401,76,76,0,30,30,0,0,7,5,18,0,0,17,12,0,0,0,0,18,10,13,14,2,23,15,13,0,0,0,0,0,0,0,0,0,0,0,0,0,0,0,0,
25,0062,GE401,507,507,0,196,196,0,0,26,17,153,0,0,146,46,0,0,0,0,122,58,96,92,32,135,93,86,0,0,0,0,0,0,0,0,0,0,0,0,0,0,0,0,
25,0063,GE402,163,163,0,56,56,0,0,5,3,47,0,0,38,17,0,0,0,0,24,23,16,33,11,37,23,27,0,0,0,0,0,0,0,0,0,0,0,0,0,0,0,0,
25,0064,GO401,250,250,0,73,73,0,0,15,2,56,0,0,57,15,0,0,0,0,45,26,30,38,20,45,38,32,0,0,0,0,0,0,0,0,0,0,0,0,0,0,0,0,
25,0065,HI301,1111,768,343,340,292,48,0,89,23,178,112,170,0,0,0,0,156,106,135,133,156,108,58,192,170,96,0,0,0,130,65,116,0,0,0,0,0,0,0,0,0,0,
25,0066,HI302,1009,754,255,323,290,33,0,47,28,213,118,164,0,0,0,0,165,110,133,134,159,97,55,197,178,87,0,0,0,128,66,108,0,0,0,0,0,0,0,0,0,0,
25,0067,HI304,668,484,184,243,222,21,0,64,14,144,111,106,0,0,0,0,127,80,82,124,132,75,43,155,87,123,0,0,0,119,47,54,0,0,0,0,0,0,0,0,0,0,
25,0068,HI305,914,661,253,368,338,30,0,72,26,238,184,144,0,0,0,0,197,123,151,165,207,112,96,212,237,84,0,0,0,170,86,94,0,0,0,0,0,0,0,0,0,0,
25,0069,HI306,895,618,277,322,279,43,0,63,26,187,110,157,0,0,0,0,153,111,146,104,144,108,71,141,171,80,0,0,0,110,65,124,0,0,0,0,0,0,0,0,0,0,
25,0070,HI307,1200,845,355,489,445,44,0,108,39,291,145,284,0,0,0,0,255,177,217,187,227,177,110,269,337,94,0,0,0,183,111,163,0,0,0,0,0,0,0,0,0,0,
25,0071,HI308,1248,935,313,457,406,51,0,85,23,297,167,219,0,0,0,0,213,176,220,157,237,142,86,270,275,106,0,0,0,155,98,179,0,0,0,0,0,0,0,0,0,0,
25,0072,HI310,712,475,237,276,240,36,0,48,19,172,109,125,0,0,0,0,113,123,111,106,152,69,64,139,169,55,0,0,0,113,50,109,0,0,0,0,0,0,0,0,0,0,
25,0073,HI311,917,632,285,306,251,55,0,75,31,143,81,164,0,0,0,0,123,116,163,65,127,100,79,146,174,62,0,0,0,86,63,140,0,0,0,0,0,0,0,0,0,0,
25,0074,HI312,1099,781,318,372,334,38,0,79,30,222,141,181,0,0,0,0,151,154,193,103,153,143,60,229,194,121,0,0,0,86,160,88,0,0,0,0,0,0,0,0,0,0,
25,0075,HI313,1222,866,356,458,404,54,0,88,29,287,171,222,0,0,0,0,208,181,215,159,228,147,86,258,253,133,0,0,0,109,201,124,0,0,0,0,0,0,0,0,0,0,
25,0076,HI314,1228,881,347,449,399,50,1,118,21,257,142,247,0,0,0,0,205,174,214,152,193,172,92,263,226,155,0,0,0,131,189,108,0,0,0,0,0,0,0,0,0,0,
25,0077,LE301,555,555,0,124,124,0,0,47,7,69,40,79,0,0,0,0,53,67,63,52,53,60,32,68,64,49,0,0,0,0,0,0,0,0,0,0,0,0,0,0,0,0,
25,0078,LE302,532,532,0,162,162,0,0,51,11,99,47,109,0,0,0,0,83,68,109,39,67,79,34,95,77,68,0,0,0,0,0,0,0,0,0,0,0,0,0,0,0,0,
25,0079,LE304,617,617,0,212,212,0,0,63,14,134,82,118,0,0,0,0,101,96,127,68,103,88,43,145,112,72,0,0,0,0,0,0,0,0,0,0,0,0,0,0,0,0,
25,0080,LE305,345,345,0,105,105,0,0,31,11,62,53,51,0,0,0,0,48,53,49,54,43,58,31,64,65,35,0,0,0,0,0,0,0,0,0,0,0,0,0,0,0,0,
25,0081,LE306,535,535,0,193,193,0,0,84,17,92,70,119,0,0,0,0,90,100,125,61,70,113,55,119,95,87,0,0,0,0,0,0,0,0,0,0,0,0,0,0,0,0,
25,0082,LE308,653,653,0,356,356,0,0,93,24,239,121,230,0,0,0,0,157,177,218,107,186,142,89,229,192,131,0,0,0,0,0,0,0,0,0,0,0,0,0,0,0,0,
25,0083,LE309,746,746,0,306,306,0,0,112,23,171,104,191,0,0,0,0,147,142,174,108,139,146,63,211,162,117,0,0,0,0,0,0,0,0,0,0,0,0,0,0,0,0,
25,0084,LE310,586,586,0,204,204,0,0,67,18,117,68,131,0,0,0,0,86,108,113,76,85,99,54,118,97,88,0,0,0,0,0,0,0,0,0,0,0,0,0,0,0,0,
25,0085,LE311,705,705,0,298,298,0,0,95,23,179,117,169,0,0,0,0,143,134,163,108,123,147,68,201,180,94,0,0,0,0,0,0,0,0,0,0,0,0,0,0,0,0,
25,0086,LE312,780,780,0,274,274,0,0,99,26,147,109,157,0,0,0,0,107,150,172,80,118,130,50,178,134,117,0,0,0,0,0,0,0,0,0,0,0,0,0,0,0,0,
25,0087,LE314,771,771,0,335,335,0,0,111,19,205,123,205,0,0,0,0,146,172,197,114,175,138,80,209,197,111,0,0,0,0,0,0,0,0,0,0,0,0,0,0,0,0,
25,0088,LE315,787,787,0,354,354,0,0,85,35,233,172,174,0,0,0,0,152,186,207,124,169,160,64,257,180,150,0,0,0,0,0,0,0,0,0,0,0,0,0,0,0,0,
25,0089,LE316,759,759,0,372,372,0,0,117,21,233,127,239,0,0,0,0,147,209,192,154,171,185,66,278,195,145,0,0,0,0,0,0,0,0,0,0,0,0,0,0,0,0,
25,0090,LE317,602,602,0,273,273,0,0,75,30,168,110,159,0,0,0,0,117,144,166,93,134,123,46,197,154,104,0,0,0,0,0,0,0,0,0,0,0,0,0,0,0,0,
25,0091,LE318,580,580,0,272,272,0,0,65,19,186,110,153,0,0,0,0,150,112,150,101,160,97,55,182,169,83,0,0,0,0,0,0,0,0,0,0,0,0,0,0,0,0,
25,0092,LE319,33,33,0,7,7,0,0,2,2,3,2,4,0,0,0,0,4,2,5,0,3,2,2,2,2,3,0,0,0,0,0,0,0,0,0,0,0,0,0,0,0,0,
25,0093,LE320,632,632,0,289,289,0,0,76,24,189,101,185,0,0,0,0,126,154,182,90,141,137,62,192,158,115,0,0,0,0,0,0,0,0,0,0,0,0,0,0,0,0,
25,0094,LE321,744,744,0,391,391,0,0,97,24,267,141,241,0,0,0,0,195,173,228,143,210,157,85,258,256,115,0,0,0,0,0,0,0,0,0,0,0,0,0,0,0,0,
25,0095,LE401,626,626,0,211,211,0,0,90,20,98,0,0,95,112,0,0,87,111,143,50,91,101,65,117,95,94,0,0,0,0,0,0,0,0,0,0,0,0,0,0,0,0,
25,0096,LE402,100,100,0,37,37,0,0,9,8,17,0,0,22,13,0,0,14,22,19,15,20,14,7,23,16,16,0,0,0,0,0,0,0,0,0,0,0,0,0,0,0,0,
25,0097,LE402:S,750,750,0,286,242,44,0,110,21,111,0,0,115,117,0,0,87,132,124,89,109,107,54,149,103,107,67,77,106,0,0,0,0,0,0,0,0,0,0,0,0,0,
25,0098,LE403,1,1,0,0,0,0,0,0,0,0,0,0,0,0,0,0,0,0,0,0,0,0,0,0,0,0,0,0,0,0,0,0,0,0,0,0,0,0,0,0,0,0,
25,0099,LE404,943,553,390,298,250,48,0,83,21,146,0,0,148,101,0,0,103,131,145,80,113,119,60,163,125,101,55,82,146,0,0,0,0,0,0,0,0,0,0,0,0,0,
25,0100,LE405,1254,672,582,332,257,75,0,91,22,142,0,0,150,103,0,0,105,139,148,98,117,125,62,170,130,109,78,89,146,0,0,0,0,0,0,0,0,0,0,0,0,0,
25,0101,LE406,1684,931,753,284,234,50,0,103,18,112,0,0,106,124,0,0,87,124,139,72,93,113,69,132,103,103,68,72,119,0,0,0,0,0,0,0,0,0,0,0,0,0,
25,0102,LE407,1421,934,487,433,377,56,0,133,24,220,0,0,218,151,0,0,169,185,220,123,144,205,83,249,167,167,81,131,191,0,0,0,0,0,0,0,0,0,0,0,0,0,
25,0103,LE408,1298,836,462,390,322,68,1,104,20,196,0,0,199,120,0,0,145,165,180,111,133,162,70,222,162,133,62,118,197,0,0,0,0,0,0,0,0,0,0,0,0,0,
25,0104,LE410,313,313,0,122,122,0,0,49,10,63,0,0,66,56,0,0,54,65,74,42,49,68,28,77,67,51,0,0,0,0,0,0,0,0,0,0,0,0,0,0,0,0,
25,0105,LE411,786,786,0,272,272,0,0,85,19,167,0,0,152,112,0,0,125,122,152,88,109,129,54,177,143,100,0,0,0,0,0,0,0,0,0,0,0,0,0,0,0,0,
25,0106,LE412,633,633,0,296,296,0,0,59,18,218,0,0,195,97,0,0,136,148,184,100,127,153,62,194,181,101,0,0,0,0,0,0,0,0,0,0,0,0,0,0,0,0,
25,0107,LE413,615,615,0,270,270,0,0,69,20,179,0,0,157,107,0,0,113,141,151,97,121,133,52,183,126,122,0,0,0,0,0,0,0,0,0,0,0,0,0,0,0,0,
25,0108,LE414,373,373,0,128,128,0,0,38,4,85,0,0,79,48,0,0,58,68,69,52,62,62,17,103,70,48,0,0,0,0,0,0,0,0,0,0,0,0,0,0,0,0,
25,0109,LE416,679,679,0,242,242,0,0,64,21,156,0,0,142,98,0,0,107,123,155,68,115,111,35,174,135,86,0,0,0,0,0,0,0,0,0,0,0,0,0,0,0,0,
25,0110,LE417,1051,603,448,263,203,60,0,62,24,116,0,0,118,84,0,0,85,108,111,81,80,113,36,139,106,83,43,65,140,0,0,0,0,0,0,0,0,0,0,0,0,0,
25,0111,LE418,966,591,375,294,256,38,0,74,23,158,0,0,162,90,0,0,109,138,169,68,123,112,51,161,128,105,61,78,138,0,0,0,0,0,0,0,0,0,0,0,0,0,
25,0112,LE420,1408,866,542,421,336,85,1,89,30,208,0,0,210,119,0,0,0,0,194,94,129,158,72,209,158,123,53,75,282,0,0,0,0,0,0,0,0,0,0,0,0,0,
25,0113,LE421,731,465,266,222,195,27,0,54,14,127,0,0,130,64,0,0,87,96,102,77,93,87,35,140,93,80,32,56,122,0,0,0,0,0,0,0,0,0,0,0,0,0,
25,0114,LE422,1046,638,408,237,199,38,1,67,25,106,0,0,108,87,0,0,74,110,125,56,81,99,47,123,90,86,42,48,134,0,0,0,0,0,0,0,0,0,0,0,0,0,
25,0115,LE423,622,622,0,267,267,0,0,80,13,174,0,0,174,86,0,0,111,134,165,77,137,107,64,169,144,94,0,0,0,0,0,0,0,0,0,0,0,0,0,0,0,0,
25,0116,LI301,460,460,0,207,207,0,0,55,17,135,56,142,0,0,128,71,0,0,129,68,112,84,57,134,116,80,0,0,0,0,0,0,0,0,0,0,0,0,0,0,0,0,
25,0117,LI302,653,653,0,315,315,0,0,70,16,229,126,184,0,0,174,137,0,0,178,123,167,137,75,205,160,140,0,0,0,0,0,0,0,0,0,0,0,0,0,0,0,0,
25,0118,LI304,507,507,0,243,243,0,0,44,21,178,86,153,0,0,142,87,0,0,133,94,103,121,44,177,100,113,0,0,0,0,0,0,0,0,0,0,0,0,0,0,0,0,
25,0119,LI305,633,633,0,308,308,0,0,65,16,225,112,183,0,0,180,111,0,0,173,120,159,130,60,212,154,125,0,0,0,0,0,0,0,0,0,0,0,0,0,0,0,0,
25,0120,LI306,710,710,0,394,394,0,0,100,27,267,150,238,0,0,282,99,0,0,168,197,200,175,115,257,220,153,0,0,0,0,0,0,0,0,0,0,0,0,0,0,0,0,
25,0121,LI308,826,826,0,435,435,0,0,122,34,279,151,277,0,0,0,0,0,0,207,212,229,182,110,268,209,190,0,0,0,0,0,0,0,0,0,0,0,0,0,0,0,0,
25,0122,LI309,901,901,0,491,491,0,0,164,25,300,133,347,0,0,0,0,0,0,201,275,253,213,74,348,214,237,0,0,0,0,0,0,0,0,0,0,0,0,0,0,0,0,
25,0123,LI310,341,341,0,165,165,0,0,29,4,132,58,98,0,0,0,0,0,0,58,99,84,68,34,104,84,55,0,0,0,0,0,0,0,0,0,0,0,0,0,0,0,0,
25,0124,MA401,734,734,0,340,340,0,0,64,35,240,0,0,218,111,0,0,0,0,201,112,135,184,51,248,161,140,0,0,0,0,0,0,0,0,0,0,0,0,0,0,0,0,
25,0125,MA402,582,582,0,302,302,0,0,69,20,208,0,0,187,109,0,0,0,0,195,86,138,148,46,242,129,146,0,0,0,0,0,0,0,0,0,0,0,0,0,0,0,0,
25,0126,MA403,859,859,0,440,440,0,0,88,34,316,0,0,270,151,0,0,0,0,258,150,181,238,93,312,225,179,0,0,0,0,0,0,0,0,0,0,0,0,0,0,0,0,
25,0127,MA404,721,721,0,325,325,0,0,83,39,201,0,0,213,107,0,0,0,0,192,117,138,172,73,215,171,120,0,0,0,0,0,0,0,0,0,0,0,0,0,0,0,0,
25,0128,MA406,1014,1014,0,395,395,0,0,117,30,247,0,0,228,156,0,0,0,0,232,136,147,218,102,259,197,165,0,0,0,0,0,0,0,0,0,0,0,0,0,0,0,0,
25,0129,MA407,875,875,0,372,372,0,0,103,40,226,0,0,226,140,0,0,0,0,219,131,147,197,60,266,191,149,0,0,0,0,0,0,0,0,0,0,0,0,0,0,0,0,
25,0130,MA408,798,798,0,348,348,0,0,76,20,249,0,0,254,87,0,0,0,0,187,129,167,152,76,236,164,139,0,0,0,0,0,0,0,0,0,0,0,0,0,0,0,0,
25,0131,NRV302,0,0,0,0,0,0,0,0,0,0,0,0,0,0,0,0,0,0,0,0,0,0,0,0,0,0,0,0,0,0,0,0,0,0,0,0,0,0,0,0,0,0,
25,0132,NRV303,0,0,0,0,0,0,0,0,0,0,0,0,0,0,0,0,0,0,0,0,0,0,0,0,0,0,0,0,0,0,0,0,0,0,0,0,0,0,0,0,0,0,
25,0133,NRV304,0,0,0,0,0,0,0,0,0,0,0,0,0,0,0,0,0,0,0,0,0,0,0,0,0,0,0,0,0,0,0,0,0,0,0,0,0,0,0,0,0,0,
25,0134,NRV305,0,0,0,0,0,0,0,0,0,0,0,0,0,0,0,0,0,0,0,0,0,0,0,0,0,0,0,0,0,0,0,0,0,0,0,0,0,0,0,0,0,0,
25,0135,NRV401,0,0,0,0,0,0,0,0,0,0,0,0,0,0,0,0,0,0,0,0,0,0,0,0,0,0,0,0,0,0,0,0,0,0,0,0,0,0,0,0,0,0,
25,0136,NRV402,0,0,0,0,0,0,0,0,0,0,0,0,0,0,0,0,0,0,0,0,0,0,0,0,0,0,0,0,0,0,0,0,0,0,0,0,0,0,0,0,0,0,
25,0137,NRV404,2,2,0,2,2,0,0,0,0,2,0,0,2,0,0,0,0,0,2,0,2,0,0,2,0,0,0,0,0,0,0,0,0,0,0,0,0,0,0,0,0,0,
25,0138,NRV405,0,0,0,0,0,0,0,0,0,0,0,0,0,0,0,0,0,0,0,0,0,0,0,0,0,0,0,0,0,0,0,0,0,0,0,0,0,0,0,0,0,0,
25,0139,NRV406,0,0,0,0,0,0,0,0,0,0,0,0,0,0,0,0,0,0,0,0,0,0,0,0,0,0,0,0,0,0,0,0,0,0,0,0,0,0,0,0,0,0,
25,0140,NRV407,0,0,0,0,0,0,0,0,0,0,0,0,0,0,0,0,0,0,0,0,0,0,0,0,0,0,0,0,0,0,0,0,0,0,0,0,0,0,0,0,0,0,
25,0141,NRV408,0,0,0,0,0,0,0,0,0,0,0,0,0,0,0,0,0,0,0,0,0,0,0,0,0,0,0,0,0,0,0,0,0,0,0,0,0,0,0,0,0,0,
25,0142,NRV409,0,0,0,0,0,0,0,0,0,0,0,0,0,0,0,0,0,0,0,0,0,0,0,0,0,0,0,0,0,0,0,0,0,0,0,0,0,0,0,0,0,0,
25,0143,NRV410,0,0,0,0,0,0,0,0,0,0,0,0,0,0,0,0,0,0,0,0,0,0,0,0,0,0,0,0,0,0,0,0,0,0,0,0,0,0,0,0,0,0,
25,0144,OR301,619,619,0,276,276,0,0,91,18,166,88,180,0,0,173,86,0,0,178,83,136,124,72,173,150,104,0,0,0,0,0,0,0,0,0,0,0,0,0,0,0,0,
25,0145,OR302,690,690,0,337,337,0,0,136,22,178,94,233,0,0,227,93,0,0,184,127,176,133,83,215,152,155,0,0,0,0,0,0,0,0,0,0,0,0,0,0,0,0,
25,0146,OR303,118,118,0,64,64,0,0,12,7,45,34,28,0,0,34,28,0,0,46,13,30,30,11,44,30,28,0,0,0,0,0,0,0,0,0,0,0,0,0,0,0,0,
25,0147,OR304,639,639,0,351,351,0,0,138,22,187,96,248,0,0,0,0,0,0,201,128,137,183,72,206,138,173,0,0,0,0,0,0,0,0,0,0,0,0,0,0,0,0,
25,0148,OR305,696,696,0,362,362,0,0,145,30,183,86,265,0,0,0,0,0,0,245,79,158,166,86,227,163,146,0,0,0,0,0,0,0,0,0,0,0,0,0,0,0,0,
25,0149,OR306,716,716,0,369,369,0,0,111,29,228,116,251,0,0,0,0,0,0,215,135,189,164,112,212,197,133,0,0,0,0,0,0,0,0,0,0,0,0,0,0,0,0,
25,0150,OR308,529,529,0,249,249,0,0,72,26,151,89,158,0,0,182,63,0,0,115,125,142,96,49,181,120,113,0,0,0,0,0,0,0,0,0,0,0,0,0,0,0,0,
25,0151,OR309,650,650,0,342,342,0,0,84,40,218,128,206,0,0,211,117,0,0,216,113,174,151,82,227,167,154,0,0,0,0,0,0,0,0,0,0,0,0,0,0,0,0,
25,0152,OR310,537,537,0,195,195,0,0,59,20,115,57,131,0,0,108,79,0,0,101,79,108,76,49,132,79,104,0,0,0,0,0,0,0,0,0,0,0,0,0,0,0,0,
25,0153,OR311,550,550,0,235,235,0,0,75,25,133,63,167,0,0,146,72,0,0,139,77,115,100,66,126,119,90,0,0,0,0,0,0,0,0,0,0,0,0,0,0,0,0,
25,0154,OR312,681,681,0,319,319,0,0,121,26,172,95,217,0,0,222,89,0,0,198,103,130,170,78,210,147,149,0,0,0,0,0,0,0,0,0,0,0,0,0,0,0,0,
25,0155,OR314,546,546,0,237,237,0,0,75,14,146,103,129,0,0,0,0,0,0,138,93,121,108,55,152,125,103,0,0,0,0,0,0,0,0,0,0,0,0,0,0,0,0,
25,0156,OR316,535,535,0,281,281,0,0,87,19,174,83,197,0,0,0,0,0,0,187,86,158,119,57,197,133,129,0,0,0,0,0,0,0,0,0,0,0,0,0,0,0,0,
25,0157,OR317,638,638,0,342,342,0,0,91,29,221,93,240,0,0,0,0,0,0,223,102,174,152,89,206,166,153,0,0,0,0,0,0,0,0,0,0,0,0,0,0,0,0,
25,0158,OR318,646,646,0,337,337,0,0,96,24,217,108,221,0,0,0,0,0,0,205,109,168,138,76,202,147,152,0,0,0,0,0,0,0,0,0,0,0,0,0,0,0,0,
25,0159,OR320,528,528,0,282,282,0,0,99,18,163,90,183,0,0,0,0,0,0,179,90,144,120,74,184,141,116,0,0,0,0,0,0,0,0,0,0,0,0,0,0,0,0,
25,0160,OR321,601,601,0,316,316,0,0,106,18,190,84,224,0,0,0,0,0,0,193,105,148,146,61,224,158,135,0,0,0,0,0,0,0,0,0,0,0,0,0,0,0,0,
25,0161,OR322,421,421,0,201,201,0,0,64,17,119,83,114,0,0,0,0,0,0,101,89,123,66,69,112,109,76,0,0,0,0,0,0,0,0,0,0,0,0,0,0,0,0,
25,0162,OR323,418,418,0,134,134,0,0,44,18,72,43,85,0,0,0,0,0,0,85,44,63,65,40,77,76,50,0,0,0,0,0,0,0,0,0,0,0,0,0,0,0,0,
25,0163,OR324,502,502,0,190,190,0,0,57,33,100,73,115,0,0,126,53,0,0,115,64,89,89,59,112,102,73,0,0,0,0,0,0,0,0,0,0,0,0,0,0,0,0,
25,0164,OR326,910,425,485,195,145,50,0,35,9,99,46,93,0,0,91,47,0,0,75,56,72,62,42,84,79,53,0,0,0,0,0,0,18,61,73,31,0,0,0,0,0,0,
25,0165,OR327,916,432,484,230,187,43,1,48,12,127,57,127,0,0,102,68,0,0,118,56,102,70,44,125,91,77,0,0,0,0,0,0,27,50,88,48,0,0,0,0,0,0,
25,0166,OR328,653,368,285,272,228,44,0,58,24,145,63,163,0,0,144,73,0,0,140,72,105,101,67,140,125,79,0,0,0,0,0,0,16,73,116,51,0,0,0,0,0,0,
25,0167,OR329,791,395,396,212,174,38,0,67,11,94,53,115,0,0,114,52,0,0,89,76,89,71,64,96,81,75,0,0,0,0,0,0,11,55,83,51,0,0,0,0,0,0,
25,0168,OR330,517,517,0,281,281,0,0,90,13,178,103,175,0,0,0,0,0,0,165,107,143,123,63,193,158,107,0,0,0,0,0,0,0,0,0,0,0,0,0,0,0,0,
25,0169,OR332,666,666,0,364,364,0,0,104,19,240,144,214,0,0,0,0,0,0,192,154,208,138,116,212,197,138,0,0,0,0,0,0,0,0,0,0,0,0,0,0,0,0,
25,0170,OR333,607,607,0,347,347,0,0,133,22,192,111,229,0,0,0,0,0,0,214,110,179,142,85,208,174,139,0,0,0,0,0,0,0,0,0,0,0,0,0,0,0,0,
25,0171,OR334,490,490,0,276,276,0,0,85,23,168,116,156,0,0,0,0,0,0,166,102,155,110,78,165,142,115,0,0,0,0,0,0,0,0,0,0,0,0,0,0,0,0,
25,0172,OR335,634,634,0,298,298,0,0,76,19,201,101,193,0,0,0,0,0,0,191,86,165,115,80,190,154,123,0,0,0,0,0,0,0,0,0,0,0,0,0,0,0,0,
25,0173,OR336,1012,624,388,362,301,61,1,85,21,194,116,179,0,0,204,88,0,0,159,125,177,105,83,196,186,89,0,0,0,0,0,0,20,126,143,61,0,0,0,0,0,0,
25,0174,OR337,480,267,213,169,122,47,0,39,15,68,49,70,0,0,82,35,0,0,67,52,59,58,45,67,63,50,0,0,0,0,0,0,7,44,98,15,0,0,0,0,0,0,
25,0175,OR338,1079,586,493,376,302,74,0,75,31,195,94,201,0,0,211,83,0,0,182,109,161,125,101,178,146,122,0,0,0,0,0,0,30,93,126,110,0,0,0,0,0,0,
25,0176,OR340,444,211,233,95,73,22,0,19,5,47,27,45,0,0,49,21,0,0,33,34,30,36,6,55,46,21,0,0,0,0,0,0,6,37,36,8,0,0,0,0,0,0,
25,0177,OR341,1010,571,439,230,195,35,0,76,13,105,60,131,0,0,123,66,0,0,96,82,96,88,51,123,92,89,0,0,0,0,0,0,14,78,96,36,0,0,0,0,0,0,
25,0178,OR342,766,360,406,168,130,38,1,33,23,73,44,79,0,0,72,47,0,0,81,38,49,69,26,78,67,47,0,0,0,0,0,0,7,29,101,24,0,0,0,0,0,0,
25,0179,OR344,1049,683,366,475,400,75,1,107,41,248,126,259,0,0,285,92,0,0,210,155,185,188,104,253,177,178,0,0,0,0,0,0,7,97,319,40,0,0,0,0,0,0,
25,0180,OR345,1092,759,333,480,431,49,0,129,21,278,111,307,0,0,312,100,0,0,265,143,202,201,108,282,222,163,0,0,0,0,0,0,18,123,246,64,0,0,0,0,0,0,
25,0181,OR346,954,469,485,177,149,28,0,39,14,96,46,98,0,0,95,44,0,0,98,42,81,52,39,85,67,69,0,0,0,0,0,0,11,46,84,24,0,0,0,0,0,0,
25,0182,OR348,511,511,0,266,266,0,0,68,28,170,66,196,0,0,0,0,0,0,165,88,111,137,73,171,122,127,0,0,0,0,0,0,0,0,0,0,0,0,0,0,0,0,
25,0183,OR349,601,601,0,249,249,0,0,88,17,144,78,167,0,0,0,0,0,0,157,83,124,114,91,137,134,105,0,0,0,0,0,0,0,0,0,0,0,0,0,0,0,0,
25,0184,OR350,839,839,0,479,479,0,1,152,17,309,159,313,0,0,0,0,0,0,267,172,244,185,181,252,222,202,0,0,0,0,0,0,0,0,0,0,0,0,0,0,0,0,
25,0185,OR352,402,402,0,168,168,0,0,30,14,122,64,104,0,0,0,0,0,0,106,54,76,84,52,96,87,67,0,0,0,0,0,0,0,0,0,0,0,0,0,0,0,0,
25,0186,OR353,659,280,379,138,102,36,0,35,11,56,39,62,0,0,62,32,0,0,48,44,60,32,25,69,55,41,0,0,0,0,0,0,18,39,44,29,0,0,0,0,0,0,
25,0187,OR354,669,356,313,196,163,33,0,52,14,97,50,110,0,0,111,48,0,0,99,55,74,76,36,107,83,66,0,0,0,0,0,0,18,53,78,31,0,0,0,0,0,0,
25,0188,OR356,797,485,312,304,256,48,0,75,14,165,79,172,0,0,185,68,0,0,157,89,141,106,69,167,132,108,0,0,0,0,0,0,23,73,162,36,0,0,0,0,0,0,
25,0189,OR357,940,580,360,367,318,49,0,88,19,209,93,223,0,0,215,91,0,0,191,106,158,138,85,204,149,140,0,0,0,0,0,0,18,70,174,81,0,0,0,0,0,0,
25,0190,OR358,760,470,290,285,252,33,0,64,26,160,104,141,0,0,165,79,0,0,117,119,154,80,81,139,142,85,0,0,0,0,0,0,11,131,85,37,0,0,0,0,0,0,
25,0191,OR359,796,362,434,142,105,37,0,30,17,58,29,74,0,0,72,28,0,0,64,30,49,46,26,66,56,36,0,0,0,0,0,0,6,37,39,43,0,0,0,0,0,0,
25,0192,OR360,801,422,379,150,123,27,0,45,7,71,36,82,0,0,94,26,0,0,76,42,75,42,42,67,61,54,0,0,0,0,0,0,20,40,55,23,0,0,0,0,0,0,
25,0193,OR361,814,335,479,101,71,30,0,21,6,44,24,45,0,0,51,19,0,0,35,31,29,38,20,46,35,30,0,0,0,0,0,0,3,31,41,20,0,0,0,0,0,0,
25,0194,OR362,1004,550,454,297,240,57,2,61,15,162,73,164,0,0,167,66,0,0,123,106,129,98,60,150,114,105,0,0,0,0,0,0,30,63,131,52,0,0,0,0,0,0,
25,0195,OR363,547,262,285,136,123,13,0,40,1,82,61,59,0,0,93,28,0,0,64,56,79,41,39,70,65,49,0,0,0,0,0,0,6,51,70,7,0,0,0,0,0,0,
25,0196,PA401,659,659,0,240,240,0,0,50,32,158,0,0,147,89,0,0,0,0,152,78,89,140,41,156,141,90,0,0,0,0,0,0,0,0,0,0,0,0,0,0,0,0,
25,0197,PA402,580,580,0,235,235,0,0,47,18,170,0,0,157,76,0,0,0,0,146,73,101,120,38,158,146,75,0,0,0,0,0,0,0,0,0,0,0,0,0,0,0,0,
25,0198,PA404,454,454,0,188,188,0,1,37,21,129,0,0,117,68,0,0,0,0,126,55,79,103,44,116,101,76,0,0,0,0,0,0,0,0,0,0,0,0,0,0,0,0,
25,0199,PA405,597,597,0,249,249,0,0,35,15,199,0,0,192,54,0,0,0,0,177,64,99,146,58,153,144,94,0,0,0,0,0,0,0,0,0,0,0,0,0,0,0,0,
25,0200,PA406,464,464,0,149,149,0,0,38,11,100,0,0,85,62,0,0,0,0,98,45,54,87,35,92,75,66,0,0,0,0,0,0,0,0,0,0,0,0,0,0,0,0,
25,0201,PA407,542,542,0,218,218,0,0,49,17,152,0,0,133,82,0,0,0,0,139,71,94,114,47,135,118,92,0,0,0,0,0,0,0,0,0,0,0,0,0,0,0,0,
25,0202,PA408,436,436,0,197,197,0,0,43,16,138,0,0,121,74,0,0,0,0,138,49,79,105,50,121,123,65,0,0,0,0,0,0,0,0,0,0,0,0,0,0,0,0,
25,0203,PA410,734,734,0,321,321,0,0,86,24,207,0,0,189,126,0,0,0,0,222,82,129,174,54,230,184,113,0,0,0,0,0,0,0,0,0,0,0,0,0,0,0,0,
25,0204,PA411,829,829,0,301,301,0,0,71,29,199,0,0,198,97,0,0,0,0,202,80,112,171,46,220,160,115,0,0,0,0,0,0,0,0,0,0,0,0,0,0,0,0,
25,0205,PA412,504,504,0,212,212,0,0,44,16,151,0,0,150,61,0,0,0,0,140,57,104,97,41,140,103,93,0,0,0,0,0,0,0,0,0,0,0,0,0,0,0,0,
25,0206,PA413,621,621,0,288,288,0,0,54,21,211,0,0,189,92,0,0,0,0,184,75,134,129,79,167,164,98,0,0,0,0,0,0,0,0,0,0,0,0,0,0,0,0,
25,0207,PA414,0,0,0,0,0,0,0,0,0,0,0,0,0,0,0,0,0,0,0,0,0,0,0,0,0,0,0,0,0,0,0,0,0,0,0,0,0,0,0,0,0,0,
25,0208,PG301,195,146,49,69,61,8,0,17,5,38,16,44,0,0,0,0,17,41,33,26,29,30,16,36,28,27,0,0,0,20,21,23,0,0,0,0,0,0,0,0,0,0,
25,0209,PG302,858,858,0,383,383,0,0,110,19,251,119,254,0,0,0,0,186,180,218,140,190,164,85,250,217,137,0,0,0,0,0,0,0,0,0,0,0,0,0,0,0,0,
25,0210,PG303,794,794,0,373,373,0,0,87,25,257,150,218,0,0,0,0,197,155,208,139,185,159,78,268,210,132,0,0,0,0,0,0,0,0,0,0,0,0,0,0,0,0,
25,0211,PG304,558,558,0,247,247,0,0,66,15,165,76,169,0,0,0,0,113,120,142,91,111,121,67,153,131,96,0,0,0,0,0,0,0,0,0,0,0,0,0,0,0,0,
25,0212,PG305,10,5,5,0,0,0,0,0,0,0,0,0,0,0,0,0,0,0,0,0,0,0,0,0,0,0,0,0,0,0,0,0,0,0,0,0,0,0,0,0,0,0,
25,0213,PG306,663,663,0,279,279,0,0,79,12,187,108,166,0,0,0,0,123,151,166,98,152,117,48,195,128,133,0,0,0,0,0,0,0,0,0,0,0,0,0,0,0,0,
25,0214,PG307,394,394,0,198,198,0,0,58,13,126,54,143,0,0,0,0,75,116,128,62,82,107,55,122,98,92,0,0,0,0,0,0,0,0,0,0,0,0,0,0,0,0,
25,0215,PG308,514,514,0,259,259,0,0,60,15,184,132,120,0,0,0,0,152,94,139,112,147,102,53,187,153,93,0,0,0,0,0,0,0,0,0,0,0,0,0,0,0,0,
25,0216,PG309,2,2,0,2,2,0,0,0,0,2,0,2,0,0,0,0,0,2,2,0,2,0,0,2,0,2,0,0,0,0,2,0,0,0,0,0,0,0,0,0,0,0,
25,0217,PG310,474,474,0,233,233,0,0,71,15,145,82,145,0,0,0,0,118,105,165,57,85,136,46,158,107,105,0,0,0,0,0,0,0,0,0,0,0,0,0,0,0,0,
25,0218,PG311,654,654,0,310,310,0,0,79,25,204,85,219,0,0,0,0,129,166,180,104,144,147,86,194,151,134,0,0,0,0,0,0,0,0,0,0,0,0,0,0,0,0,
25,0219,PG312,925,925,0,474,474,0,0,141,28,302,146,318,0,0,0,0,221,233,262,183,267,192,116,316,260,180,0,0,0,0,0,0,0,0,0,0,0,0,0,0,0,0,
25,0220,PG313,525,525,0,241,241,0,0,74,14,153,64,172,0,0,0,0,109,120,160,66,109,122,50,168,121,96,0,0,0,0,0,0,0,0,0,0,0,0,0,0,0,0,
25,0221,PG314,557,557,0,257,257,0,0,65,17,174,108,141,0,0,0,0,119,130,147,103,173,78,61,173,162,80,0,0,0,0,0,0,0,0,0,0,0,0,0,0,0,0,
25,0222,PG316,603,603,0,244,244,0,0,55,12,176,70,170,0,0,0,0,89,139,157,71,129,101,68,148,117,113,0,0,0,0,0,0,0,0,0,0,0,0,0,0,0,0,
25,0223,PG317,497,497,0,208,208,0,0,64,25,119,59,145,0,0,0,0,69,133,128,73,97,104,46,149,102,93,0,0,0,0,0,0,0,0,0,0,0,0,0,0,0,0,
25,0224,PG318,430,430,0,167,167,0,0,46,16,103,70,91,0,0,0,0,77,81,96,62,81,78,31,119,64,91,0,0,0,0,0,0,0,0,0,0,0,0,0,0,0,0,
25,0225,PG320,174,174,0,43,43,0,0,17,5,20,17,23,0,0,0,0,14,22,28,12,20,18,14,25,18,20,0,0,0,0,0,0,0,0,0,0,0,0,0,0,0,0,
25,0226,PG321,680,680,0,212,212,0,0,70,17,124,70,137,0,0,135,71,98,100,118,79,95,104,58,125,102,89,0,0,0,0,0,0,0,0,0,0,0,0,0,0,0,0,
25,0227,PG322,388,388,0,136,136,0,0,33,13,89,35,98,0,0,91,35,45,76,93,34,61,67,34,86,58,64,0,0,0,0,0,0,0,0,0,0,0,0,0,0,0,0,
25,0228,PG323,393,393,0,157,157,0,1,46,15,95,49,105,0,0,108,45,66,88,91,62,75,79,29,111,76,75,0,0,0,0,0,0,0,0,0,0,0,0,0,0,0,0,
25,0229,PG324,601,601,0,287,287,0,0,95,26,165,89,187,0,0,178,98,0,0,167,106,143,131,52,193,142,121,0,0,0,0,0,0,0,0,0,0,0,0,0,0,0,0,
25,0230,PG325,716,716,0,318,318,0,0,82,31,203,110,206,0,0,205,106,0,0,187,118,159,148,71,216,166,137,0,0,0,0,0,0,0,0,0,0,0,0,0,0,0,0,
25,0231,PG326,589,589,0,279,279,0,0,82,20,176,110,162,0,0,172,97,0,0,176,96,130,136,75,187,137,129,0,0,0,0,0,0,0,0,0,0,0,0,0,0,0,0,
25,0232,PR301,1,1,0,1,1,0,0,0,0,1,0,1,0,0,0,0,0,0,1,0,1,0,0,0,1,0,0,0,0,0,0,0,0,0,0,0,0,0,0,0,0,0,
25,0233,PR302,459,459,0,222,222,0,0,86,10,126,51,166,0,0,0,0,0,0,132,72,122,76,50,142,113,81,0,0,0,0,0,0,0,0,0,0,0,0,0,0,0,0,
25,0234,PR304,244,244,0,128,128,0,0,45,7,76,48,78,0,0,0,0,0,0,68,54,67,51,31,83,67,46,0,0,0,0,0,0,0,0,0,0,0,0,0,0,0,0,
25,0235,PR305,550,550,0,307,307,0,0,75,15,217,127,173,0,0,0,0,0,0,129,157,177,99,70,189,149,115,0,0,0,0,0,0,0,0,0,0,0,0,0,0,0,0,
25,0236,PR306,294,294,0,172,172,0,0,64,4,104,46,122,0,0,0,0,0,0,95,52,73,78,64,79,77,68,0,0,0,0,0,0,0,0,0,0,0,0,0,0,0,0,
25,0237,PR307,749,749,0,445,445,0,0,149,38,256,186,256,0,0,0,0,0,0,253,166,215,208,108,281,214,201,0,0,0,0,0,0,0,0,0,0,0,0,0,0,0,0,
25,0238,PR308,665,665,0,370,370,0,0,106,13,248,96,266,0,0,0,0,0,0,216,111,180,150,105,217,175,153,0,0,0,0,0,0,0,0,0,0,0,0,0,0,0,0,
25,0239,PR310,695,695,0,407,407,0,0,131,35,241,128,278,0,0,0,0,0,0,246,131,193,184,119,244,207,158,0,0,0,0,0,0,0,0,0,0,0,0,0,0,0,0,
25,0240,PR311,472,472,0,262,262,0,0,108,5,148,85,171,0,0,0,0,0,0,162,83,105,131,87,143,133,98,0,0,0,0,0,0,0,0,0,0,0,0,0,0,0,0,
25,0241,PR312,480,480,0,316,316,0,0,100,16,199,101,210,0,0,0,0,0,0,166,129,155,144,79,206,149,142,0,0,0,0,0,0,0,0,0,0,0,0,0,0,0,0,
25,0242,PR313,577,577,0,365,365,0,0,129,8,227,133,228,0,0,0,0,0,0,190,155,207,140,103,227,205,133,0,0,0,0,0,0,0,0,0,0,0,0,0,0,0,0,
25,0243,PR314,597,597,0,377,377,0,0,144,16,216,84,287,0,0,0,0,0,0,237,113,195,159,109,225,178,159,0,0,0,0,0,0,0,0,0,0,0,0,0,0,0,0,
25,0244,PR315,623,623,0,369,369,0,0,131,8,230,167,197,0,0,0,0,0,0,178,171,225,121,168,167,229,114,0,0,0,0,0,0,0,0,0,0,0,0,0,0,0,0,
25,0245,PR316,330,330,0,214,214,0,0,85,7,121,91,120,0,0,0,0,0,0,101,97,99,101,76,109,91,105,0,0,0,0,0,0,0,0,0,0,0,0,0,0,0,0,
25,0246,PR318,643,643,0,395,395,0,0,222,19,152,112,277,0,0,0,0,0,0,270,108,154,217,128,240,128,233,0,0,0,0,0,0,0,0,0,0,0,0,0,0,0,0,
25,0247,PR319,1062,1062,0,429,429,0,0,198,31,198,134,284,0,0,0,0,0,0,283,124,178,225,131,233,194,193,0,0,0,0,0,0,0,0,0,0,0,0,0,0,0,0,
25,0248,PR320,337,337,0,85,85,0,0,27,8,50,35,44,0,0,0,0,0,0,47,31,44,37,23,42,44,32,0,0,0,0,0,0,0,0,0,0,0,0,0,0,0,0,
25,0249,PR321,365,365,0,72,72,0,0,37,3,32,27,41,0,0,0,0,0,0,41,24,28,35,19,39,22,39,0,0,0,0,0,0,0,0,0,0,0,0,0,0,0,0,
25,0250,PR322,273,273,0,121,121,0,0,55,9,57,39,81,0,0,0,0,0,0,71,41,55,57,28,79,51,56,0,0,0,0,0,0,0,0,0,0,0,0,0,0,0,0,
25,0251,PR324,327,327,0,136,136,0,0,32,21,83,47,88,0,0,95,36,0,0,74,53,73,57,40,81,56,63,0,0,0,0,0,0,0,0,0,0,0,0,0,0,0,0,
25,0252,PR325,861,861,0,543,543,0,0,173,53,312,141,393,0,0,432,97,0,0,329,183,286,229,157,327,276,225,0,0,0,0,0,0,0,0,0,0,0,0,0,0,0,0,
25,0253,PR326,631,631,0,281,281,0,1,119,32,128,68,211,0,0,221,52,0,0,179,86,108,161,73,176,137,125,0,0,0,0,0,0,0,0,0,0,0,0,0,0,0,0,
25,0254,PR327,568,568,0,284,284,0,0,70,24,186,77,198,0,0,172,91,0,0,167,89,128,130,67,183,140,116,0,0,0,0,0,0,0,0,0,0,0,0,0,0,0,0,
25,0255,PR328,609,609,0,291,291,0,0,85,41,162,92,193,0,0,197,82,0,0,184,94,121,159,83,180,123,145,0,0,0,0,0,0,0,0,0,0,0,0,0,0,0,0,
25,0256,PR329,642,642,0,346,346,0,0,132,24,186,87,247,0,0,255,73,0,0,222,101,172,147,101,204,148,158,0,0,0,0,0,0,0,0,0,0,0,0,0,0,0,0,
25,0257,PR330,479,479,0,294,294,0,0,101,21,172,81,210,0,0,221,65,0,0,196,75,134,137,84,186,144,119,0,0,0,0,0,0,0,0,0,0,0,0,0,0,0,0,
25,0258,PR331,391,391,0,169,169,0,1,58,16,91,45,122,0,0,113,48,0,0,103,59,81,82,51,97,80,80,0,0,0,0,0,0,0,0,0,0,0,0,0,0,0,0,
25,0259,PR332,494,494,0,169,169,0,0,60,13,94,69,91,0,0,0,0,0,0,104,55,80,74,40,94,79,74,0,0,0,0,0,0,0,0,0,0,0,0,0,0,0,0,
25,0260,PR333,212,212,0,58,58,0,0,22,6,30,15,38,0,0,0,0,0,0,39,15,28,22,19,30,22,30,0,0,0,0,0,0,0,0,0,0,0,0,0,0,0,0,
25,0261,PR334,261,261,0,79,79,0,0,37,12,29,19,60,0,0,0,0,0,0,45,31,38,38,26,45,40,32,0,0,0,0,0,0,0,0,0,0,0,0,0,0,0,0,
25,0262,PR335,277,277,0,56,56,0,0,30,5,21,17,37,0,0,0,0,0,0,31,21,26,24,16,31,24,23,0,0,0,0,0,0,0,0,0,0,0,0,0,0,0,0,
25,0263,PR336,322,322,0,82,82,0,0,48,11,23,18,56,0,0,0,0,0,0,47,23,30,43,18,51,37,34,0,0,0,0,0,0,0,0,0,0,0,0,0,0,0,0,
25,0264,PR338,259,259,0,44,44,0,0,24,5,15,17,24,0,0,0,0,0,0,18,19,26,11,10,23,21,13,0,0,0,0,0,0,0,0,0,0,0,0,0,0,0,0,
25,0265,PR339,440,440,0,70,70,0,0,41,13,16,21,46,0,0,0,0,0,0,40,21,26,36,26,28,36,24,0,0,0,0,0,0,0,0,0,0,0,0,0,0,0,0,
25,0266,PR340,323,323,0,121,121,0,0,73,8,40,21,97,0,0,0,0,0,0,81,22,41,60,30,70,40,56,0,0,0,0,0,0,0,0,0,0,0,0,0,0,0,0,
25,0267,PR341,258,258,0,70,70,0,0,36,4,30,19,46,0,0,0,0,0,0,43,19,26,39,20,35,29,33,0,0,0,0,0,0,0,0,0,0,0,0,0,0,0,0,
25,0268,PR342,641,338,303,192,151,41,0,51,7,92,51,97,0,0,0,0,0,0,114,28,71,70,42,98,63,77,0,0,0,0,0,0,0,0,0,0,0,0,0,65,62,32,
25,0269,PR343,339,339,0,139,139,0,0,88,8,43,28,103,0,0,0,0,0,0,89,41,52,72,43,77,56,67,0,0,0,0,0,0,0,0,0,0,0,0,0,0,0,0,
25,0270,PR344,154,154,0,51,51,0,0,28,6,17,10,34,0,0,0,0,0,0,38,8,22,23,16,23,21,22,0,0,0,0,0,0,0,0,0,0,0,0,0,0,0,0,
25,0271,PR345,227,227,0,93,93,0,0,39,8,46,35,56,0,0,0,0,0,0,63,25,34,51,16,62,46,39,0,0,0,0,0,0,0,0,0,0,0,0,0,0,0,0,
25,0272,PR346,288,288,0,105,105,0,0,37,13,55,35,69,0,0,0,0,0,0,63,33,54,47,30,64,57,41,0,0,0,0,0,0,0,0,0,0,0,0,0,0,0,0,
25,0273,PR348,483,483,0,227,227,0,0,68,23,136,87,139,0,0,154,68,0,0,145,73,107,113,58,149,106,103,0,0,0,0,0,0,0,0,0,0,0,0,0,0,0,0,
25,0274,PR349,365,365,0,143,143,0,0,46,11,86,52,89,0,0,0,0,0,0,91,46,59,77,36,101,64,69,0,0,0,0,0,0,0,0,0,0,0,0,0,0,0,0,
25,0275,PR350,330,330,0,134,134,0,0,30,17,87,39,89,0,0,0,0,0,0,97,34,69,64,37,80,69,61,0,0,0,0,0,0,0,0,0,0,0,0,0,0,0,0,
25,0276,PR352,419,419,0,204,204,0,0,58,16,129,101,99,0,0,0,0,0,0,118,80,115,80,56,129,102,91,0,0,0,0,0,0,0,0,0,0,0,0,0,0,0,0,
25,0277,PR353,329,329,0,140,140,0,0,46,4,90,43,93,0,0,0,0,0,0,73,52,61,66,37,76,67,52,0,0,0,0,0,0,0,0,0,0,0,0,0,0,0,0,
25,0278,PR354,343,343,0,127,127,0,0,68,11,48,25,99,0,0,0,0,0,0,95,23,53,66,43,67,60,58,0,0,0,0,0,0,0,0,0,0,0,0,0,0,0,0,
25,0279,PR355,1018,447,571,235,186,49,0,115,13,56,36,140,0,0,0,0,0,0,126,38,58,109,62,101,63,96,0,0,0,0,0,0,0,0,0,0,0,0,0,84,53,46,
25,0280,PR356,239,94,145,53,38,15,0,12,3,23,16,22,0,0,0,0,0,0,24,12,17,19,8,24,24,12,0,0,0,0,0,0,0,0,0,0,0,0,0,20,16,13,
25,0281,PR358,382,176,206,73,54,19,0,18,6,30,23,26,0,0,0,0,0,0,36,15,23,27,14,30,20,28,0,0,0,0,0,0,0,0,0,0,0,0,0,21,16,23,
25,0282,PR359,512,265,247,145,115,30,0,61,5,49,32,79,0,0,0,0,0,0,67,40,51,57,33,69,45,63,0,0,0,0,0,0,0,0,0,0,0,0,0,26,24,66,
25,0283,PR360,1058,625,433,381,317,64,1,138,29,149,69,246,0,0,0,0,0,0,201,100,129,170,98,180,153,141,0,0,0,0,0,0,0,0,0,0,0,0,0,112,61,121,
25,0284,PR362,953,518,435,283,232,51,0,128,20,83,54,175,0,0,0,0,0,0,153,55,77,134,66,137,89,114,0,0,0,0,0,0,0,0,0,0,0,0,0,176,54,23,
25,0285,PR363,1029,533,496,267,219,48,0,95,18,105,66,143,0,0,0,0,0,0,140,66,100,104,53,136,105,92,0,0,0,0,0,0,0,0,0,0,0,0,0,146,32,33,
25,0286,PR364,724,316,408,99,83,16,0,41,1,40,29,54,0,0,0,0,0,0,45,32,38,40,23,51,31,44,0,0,0,0,0,0,0,0,0,0,0,0,0,32,27,15,
25,0287,PR365,422,422,0,127,127,0,0,42,13,71,37,88,0,0,0,0,0,0,78,46,63,61,38,75,72,52,0,0,0,0,0,0,0,0,0,0,0,0,0,0,0,0,
25,0288,PR366,486,486,0,191,191,0,0,42,16,132,62,127,0,0,0,0,0,0,117,68,96,89,41,132,86,93,0,0,0,0,0,0,0,0,0,0,0,0,0,0,0,0,
25,0289,PR367,233,233,0,80,80,0,0,27,7,46,28,50,0,0,0,0,0,0,45,30,36,42,22,51,39,38,0,0,0,0,0,0,0,0,0,0,0,0,0,0,0,0,
25,0290,SA401,689,432,257,188,162,26,0,26,11,125,0,0,109,50,0,0,0,0,102,52,49,104,33,109,71,80,0,0,0,0,0,0,0,0,0,0,24,19,130,0,0,0,
25,0291,SA402,1097,725,372,351,306,45,0,65,36,202,0,0,189,112,0,0,0,0,189,96,118,173,65,205,173,112,0,0,0,0,0,0,0,0,0,0,65,84,188,0,0,0,
25,0292,SA404,682,421,261,230,200,30,0,39,12,148,0,0,141,54,0,0,0,0,115,55,74,105,42,127,96,78,0,0,0,0,0,0,0,0,0,0,40,52,122,0,0,0,
25,0293,SA405,695,477,218,268,237,31,0,65,14,156,0,0,145,83,0,0,0,0,151,68,74,156,48,159,112,107,0,0,0,0,0,0,0,0,0,0,39,53,167,0,0,0,
25,0294,SA406,1272,854,418,412,372,40,0,80,26,262,0,0,252,114,0,0,0,0,232,114,123,226,70,268,208,124,0,0,0,0,0,0,0,0,0,0,55,72,258,0,0,0,
25,0295,SA407,1361,1009,352,416,372,44,1,80,41,245,0,0,242,121,0,0,0,0,213,122,91,258,54,263,182,136,0,0,0,0,0,0,0,0,0,0,37,144,194,0,0,0,
25,0296,SA408,0,0,0,0,0,0,0,0,0,0,0,0,0,0,0,0,0,0,0,0,0,0,0,0,0,0,0,0,0,0,0,0,0,0,0,0,0,0,0,0,0,0,
25,0297,SF401,429,429,0,202,202,0,0,45,20,134,0,0,135,63,0,0,0,0,145,43,26,173,41,137,103,85,0,0,0,0,0,0,0,0,0,0,0,0,0,0,0,0,
25,0298,SF402,681,681,0,229,229,0,0,73,28,127,0,0,131,95,0,0,0,0,138,79,85,136,54,149,107,110,0,0,0,0,0,0,0,0,0,0,0,0,0,0,0,0,
25,0299,SF403,662,662,0,233,233,0,0,62,24,145,0,0,144,80,0,0,0,0,141,72,79,145,31,165,120,88,0,0,0,0,0,0,0,0,0,0,0,0,0,0,0,0,
25,0300,SF404,528,528,0,197,197,0,0,40,17,137,0,0,137,56,0,0,0,0,129,62,44,148,36,144,89,97,0,0,0,0,0,0,0,0,0,0,0,0,0,0,0,0,
25,0301,SF406,403,403,0,158,158,0,0,43,15,99,0,0,108,47,0,0,0,0,94,50,56,90,33,99,84,58,0,0,0,0,0,0,0,0,0,0,0,0,0,0,0,0,
25,0302,SF407,602,602,0,239,239,0,0,54,28,156,0,0,145,86,0,0,0,0,160,65,68,155,46,161,144,76,0,0,0,0,0,0,0,0,0,0,0,0,0,0,0,0,
25,0303,SF408,589,589,0,261,261,0,0,54,22,185,0,0,177,71,0,0,0,0,173,72,73,174,51,176,129,116,0,0,0,0,0,0,0,0,0,0,0,0,0,0,0,0,
25,0304,SF410,756,756,0,315,315,0,0,78,30,205,0,0,209,101,0,0,0,0,189,104,90,219,56,205,157,116,0,0,0,0,0,0,0,0,0,0,0,0,0,0,0,0,
25,0305,SF411,936,936,0,373,373,0,0,95,27,249,0,0,234,132,0,0,0,0,236,113,145,215,54,288,180,163,0,0,0,0,0,0,0,0,0,0,0,0,0,0,0,0,
25,0306,SF412,660,660,0,310,310,0,0,79,29,201,0,0,193,108,0,0,0,0,221,78,122,174,61,211,128,157,0,0,0,0,0,0,0,0,0,0,0,0,0,0,0,0,
25,0307,SF413,832,832,0,366,366,0,0,91,24,248,0,0,237,117,0,0,0,0,243,102,111,245,54,265,171,154,0,0,0,0,0,0,0,0,0,0,0,0,0,0,0,0,
25,0308,SF414,722,722,0,349,349,0,0,93,32,222,0,0,204,138,0,0,0,0,211,115,69,268,86,222,185,138,0,0,0,0,0,0,0,0,0,0,0,0,0,0,0,0,
25,0309,SF415,722,392,330,140,121,19,0,20,16,83,0,0,65,51,0,0,0,0,76,32,40,74,41,68,68,38,0,0,0,0,0,0,0,0,0,0,24,30,65,0,0,0,
25,0310,SF416,596,596,0,207,207,0,0,69,15,122,0,0,127,73,0,0,0,0,105,90,86,115,39,142,101,91,0,0,0,0,0,0,0,0,0,0,0,0,0,0,0,0,
25,0311,SF418,1040,730,310,365,325,40,0,77,28,215,0,0,205,107,0,0,0,0,220,75,93,224,48,235,150,133,0,0,0,0,0,0,0,0,0,0,52,83,189,0,0,0,
25,0312,SF418:S,2,2,0,0,0,0,0,0,0,0,0,0,0,0,0,0,0,0,0,0,0,0,0,0,0,0,0,0,0,0,0,0,0,0,0,0,0,0,0,0,0,0,
25,0313,SF419,1079,589,490,260,210,50,0,66,18,126,0,0,117,90,0,0,0,0,126,73,67,135,36,153,100,93,0,0,0,0,0,0,0,0,0,0,46,89,113,0,0,0,
25,0314,SF420,555,555,0,264,264,0,0,53,28,182,0,0,174,88,0,0,0,0,177,73,73,183,43,199,137,108,0,0,0,0,0,0,0,0,0,0,0,0,0,0,0,0,
25,0315,SF421,698,698,0,313,313,0,0,70,23,217,0,0,217,89,0,0,0,0,209,87,94,213,50,236,160,124,0,0,0,0,0,0,0,0,0,0,0,0,0,0,0,0,
25,0316,SF422,581,581,0,223,223,0,0,49,22,147,0,0,136,73,0,0,0,0,135,70,79,137,32,166,109,93,0,0,0,0,0,0,0,0,0,0,0,0,0,0,0,0,
25,0317,SF424,568,568,0,240,240,0,0,48,18,172,0,0,152,83,0,0,0,0,126,104,76,150,34,184,107,115,0,0,0,0,0,0,0,0,0,0,0,0,0,0,0,0,
25,0318,SF425,739,739,0,315,315,0,0,73,20,221,0,0,198,107,0,0,0,0,183,103,99,195,59,218,137,149,0,0,0,0,0,0,0,0,0,0,0,0,0,0,0,0,
25,0319,SP301,335,335,0,115,115,0,0,28,13,73,41,70,0,0,0,0,0,0,65,36,53,49,18,80,41,58,0,0,0,0,0,0,0,0,0,0,0,0,0,0,0,0,
25,0320,SP302,406,406,0,158,158,0,0,54,11,93,43,111,0,0,0,0,0,0,92,60,76,75,38,98,85,65,0,0,0,0,0,0,0,0,0,0,0,0,0,0,0,0,
25,0321,SP304,472,472,0,222,222,0,0,71,21,130,70,146,0,0,0,0,0,0,150,58,86,124,49,149,109,100,0,0,0,0,0,0,0,0,0,0,0,0,0,0,0,0,
25,0322,SP305,549,549,0,233,233,0,0,78,15,139,74,154,0,0,0,0,0,0,143,74,99,116,52,154,99,116,0,0,0,0,0,0,0,0,0,0,0,0,0,0,0,0,
25,0323,SP306,599,599,0,278,278,0,0,87,23,168,76,197,0,0,0,0,0,0,161,110,130,139,53,197,118,145,0,0,0,0,0,0,0,0,0,0,0,0,0,0,0,0,
25,0324,SP307,476,476,0,206,206,0,1,63,14,128,75,124,0,0,0,0,0,0,119,63,78,103,34,147,99,78,0,0,0,0,0,0,0,0,0,0,0,0,0,0,0,0,
25,0325,SP308,665,665,0,302,302,0,0,97,16,189,74,220,0,0,0,0,0,0,188,99,119,168,89,181,163,125,0,0,0,0,0,0,0,0,0,0,0,0,0,0,0,0,
25,0326,SP310,271,271,0,128,128,0,0,50,13,65,42,81,0,0,0,0,0,0,78,44,49,73,32,75,66,57,0,0,0,0,0,0,0,0,0,0,0,0,0,0,0,0,
25,0327,SP401,609,609,0,272,272,0,0,87,15,169,0,0,145,119,0,0,0,0,198,66,110,153,67,164,148,114,0,0,0,0,0,0,0,0,0,0,0,0,0,0,0,0,
25,0328,SP402,471,471,0,223,223,0,0,69,13,140,0,0,123,95,0,0,0,0,138,73,87,127,46,161,109,98,0,0,0,0,0,0,0,0,0,0,0,0,0,0,0,0,
25,0329,SP404,857,857,0,438,438,0,0,141,31,265,0,0,255,174,0,0,0,0,286,123,207,209,77,328,191,213,0,0,0,0,0,0,0,0,0,0,0,0,0,0,0,0,
25,0330,SP405,683,683,0,260,260,0,0,92,22,145,0,0,131,119,0,0,0,0,166,66,103,133,48,175,93,132,0,0,0,0,0,0,0,0,0,0,0,0,0,0,0,0,
25,0331,SP406,494,494,0,265,265,0,0,84,22,157,0,0,153,108,0,0,0,0,160,83,106,139,60,166,119,126,0,0,0,0,0,0,0,0,0,0,0,0,0,0,0,0,
25,0332,SP408,554,554,0,245,245,0,0,72,23,149,0,0,131,110,0,0,0,0,136,91,96,130,61,153,119,103,0,0,0,0,0,0,0,0,0,0,0,0,0,0,0,0,
25,0333,SP409,482,482,0,237,237,0,0,71,24,140,0,0,136,91,0,0,0,0,144,82,101,129,37,178,102,121,0,0,0,0,0,0,0,0,0,0,0,0,0,0,0,0,
25,0334,SP410,264,264,0,123,123,0,0,42,6,75,0,0,65,57,0,0,0,0,71,48,45,76,18,86,65,54,0,0,0,0,0,0,0,0,0,0,0,0,0,0,0,0,
25,0335,SP411,225,225,0,67,67,0,0,24,6,35,0,0,34,29,0,0,0,0,38,23,23,36,13,40,24,32,0,0,0,0,0,0,0,0,0,0,0,0,0,0,0,0,
25,0336,SP412,635,635,0,198,198,0,0,67,21,109,0,0,98,95,0,0,0,0,130,52,76,111,39,132,99,82,0,0,0,0,0,0,0,0,0,0,0,0,0,0,0,0,
25,0337,SP414,545,545,0,214,214,0,0,56,24,132,0,0,131,77,0,0,0,0,122,77,91,109,47,136,128,76,0,0,0,0,0,0,0,0,0,0,0,0,0,0,0,0,
25,0338,SP415,48,48,0,18,18,0,0,3,0,15,0,0,12,6,0,0,0,0,11,6,9,9,7,7,9,8,0,0,0,0,0,0,0,0,0,0,0,0,0,0,0,0,
25,0339,SP416,511,511,0,213,213,0,0,61,14,138,0,0,122,86,0,0,0,0,141,63,80,126,32,160,124,77,0,0,0,0,0,0,0,0,0,0,0,0,0,0,0,0,
25,0340,SQ401,654,654,0,244,244,0,0,42,20,181,0,0,185,57,0,0,0,0,154,72,85,147,42,174,133,93,0,0,0,0,0,0,0,0,0,0,0,0,0,0,0,0,
25,0341,SQ402,570,570,0,183,183,0,0,26,21,136,0,0,123,58,0,0,0,0,103,69,70,101,28,133,112,56,0,0,0,0,0,0,0,0,0,0,0,0,0,0,0,0,
25,0342,SQ404,419,419,0,173,173,0,0,26,14,131,0,0,126,45,0,0,0,0,97,73,74,95,18,144,104,64,0,0,0,0,0,0,0,0,0,0,0,0,0,0,0,0,
25,0343,SQ405,627,627,0,235,235,0,0,43,14,176,0,0,169,62,0,0,0,0,139,84,83,142,51,161,126,96,0,0,0,0,0,0,0,0,0,0,0,0,0,0,0,0,
25,0344,SQ406,499,499,0,247,247,0,0,30,29,187,0,0,192,53,0,0,0,0,146,93,126,112,40,177,155,79,0,0,0,0,0,0,0,0,0,0,0,0,0,0,0,0,
25,0345,SQ407,150,150,0,38,38,0,0,4,5,28,0,0,28,8,0,0,0,0,19,13,15,18,11,21,20,12,0,0,0,0,0,0,0,0,0,0,0,0,0,0,0,0,
25,0346,SQ408,922,922,0,356,356,0,0,70,32,250,0,0,244,106,0,0,0,0,221,116,137,196,54,264,193,139,0,0,0,0,0,0,0,0,0,0,0,0,0,0,0,0,
25,0347,SQ410,825,825,0,284,284,0,0,44,29,211,0,0,210,71,0,0,0,0,162,98,109,155,42,203,134,123,0,0,0,0,0,0,0,0,0,0,0,0,0,0,0,0,
25,0348,SR401,632,632,0,226,226,0,0,76,45,104,0,0,101,123,0,0,0,0,161,61,88,130,48,161,108,110,0,0,0,0,0,0,0,0,0,0,0,0,0,0,0,0,
25,0349,SR402,959,959,0,326,326,0,0,99,29,197,0,0,188,133,0,0,0,0,206,94,124,176,71,221,136,157,0,0,0,0,0,0,0,0,0,0,0,0,0,0,0,0,
25,0350,SR404,603,603,0,199,199,0,0,71,26,102,0,0,103,93,0,0,0,0,134,55,81,108,51,131,84,104,0,0,0,0,0,0,0,0,0,0,0,0,0,0,0,0,
25,0351,SR405,511,267,244,104,86,18,0,31,5,50,0,0,42,43,0,0,29,46,50,23,47,31,15,58,36,37,28,27,39,0,0,0,0,0,0,0,0,0,0,0,0,0,
25,0352,SR406,372,372,0,114,114,0,0,54,16,44,0,0,48,64,0,0,0,0,72,38,43,68,24,76,48,60,0,0,0,0,0,0,0,0,0,0,0,0,0,0,0,0,
25,0353,SR408,1252,817,435,370,329,41,0,79,45,204,0,0,182,137,0,0,0,0,205,102,137,164,61,235,148,145,149,105,89,0,0,0,0,0,0,0,0,0,0,0,0,0,
25,0354,SR409,1766,1073,693,370,318,52,0,106,31,180,0,0,175,141,0,0,0,0,196,109,145,147,60,231,147,144,101,106,146,0,0,0,0,0,0,0,0,0,0,0,0,0,
25,0355,SR410,430,233,197,69,56,13,0,23,5,28,0,0,32,23,0,0,0,0,33,21,18,35,11,41,27,25,17,22,25,0,0,0,0,0,0,0,0,0,0,0,0,0,
25,0356,SR411,434,220,214,92,65,27,0,25,11,29,0,0,34,30,0,0,33,26,31,28,23,34,9,45,33,23,19,26,41,0,0,0,0,0,0,0,0,0,0,0,0,0,
25,0357,SR412,1094,630,464,264,229,35,0,77,29,123,0,0,124,102,0,0,0,0,144,72,107,105,74,128,124,90,66,73,108,0,0,0,0,0,0,0,0,0,0,0,0,0,
25,0358,SR413,1023,684,339,249,221,28,0,54,20,146,0,0,147,73,0,0,0,0,145,63,103,103,38,160,102,104,88,71,79,0,0,0,0,0,0,0,0,0,0,0,0,0,
25,0359,SR414,1083,666,417,277,233,44,0,66,19,145,0,0,149,81,0,0,0,0,134,73,117,97,39,140,123,81,155,45,65,0,0,0,0,0,0,0,0,0,0,0,0,0,
25,0360,SR415,1186,753,433,324,275,49,0,63,19,193,0,0,163,103,0,0,0,0,152,92,136,117,52,190,122,122,152,65,89,0,0,0,0,0,0,0,0,0,0,0,0,0,
25,0361,SR416,851,538,313,213,181,32,0,34,7,140,0,0,124,51,0,0,0,0,111,53,96,68,37,108,90,73,107,40,49,0,0,0,0,0,0,0,0,0,0,0,0,0,
25,0362,SR418,1046,677,369,297,263,34,1,58,25,178,0,0,192,68,0,0,0,0,139,105,134,116,59,171,143,102,82,113,83,0,0,0,0,0,0,0,0,0,0,0,0,0,
25,0363,SR419,975,616,359,268,230,38,0,47,13,170,0,0,160,64,0,0,0,0,147,65,116,95,40,146,126,81,104,67,79,0,0,0,0,0,0,0,0,0,0,0,0,0,
25,0364,SR420,1057,630,427,226,187,39,0,34,23,129,0,0,141,44,0,0,0,0,103,73,84,82,33,126,94,75,71,75,61,0,0,0,0,0,0,0,0,0,0,0,0,0,
25,0365,SR421,817,523,294,217,189,28,0,37,24,128,0,0,133,54,0,0,0,0,91,91,103,78,32,139,114,63,73,81,56,0,0,0,0,0,0,0,0,0,0,0,0,0,
25,0366,SR422,302,173,129,50,45,5,0,3,1,40,0,0,38,7,0,0,0,0,20,21,20,20,7,33,11,28,12,23,11,0,0,0,0,0,0,0,0,0,0,0,0,0,
25,0367,SR423,921,488,433,200,154,46,1,33,13,107,0,0,102,51,0,0,0,0,98,46,79,66,29,112,79,64,81,62,50,0,0,0,0,0,0,0,0,0,0,0,0,0,
25,0368,SR424,1054,647,407,253,224,29,0,32,12,179,0,0,177,43,0,0,0,0,147,63,106,106,32,170,112,95,97,77,69,0,0,0,0,0,0,0,0,0,0,0,0,0,
25,0369,UAF301:01,2,2,0,2,2,0,0,0,0,2,2,0,0,0,0,0,2,0,0,1,2,0,0,2,1,0,0,0,0,0,0,0,0,0,0,0,0,0,0,0,0,0,
25,0370,UAF301:02,0,0,0,0,0,0,0,0,0,0,0,0,0,0,0,0,0,0,0,0,0,0,0,0,0,0,0,0,0,0,0,0,0,0,0,0,0,0,0,0,0,0,
25,0371,UAF302,0,0,0,0,0,0,0,0,0,0,0,0,0,0,0,0,0,0,0,0,0,0,0,0,0,0,0,0,0,0,0,0,0,0,0,0,0,0,0,0,0,0,
25,0372,UAF305,0,0,0,0,0,0,0,0,0,0,0,0,0,0,0,0,0,0,0,0,0,0,0,0,0,0,0,0,0,0,0,0,0,0,0,0,0,0,0,0,0,0,
25,0373,UAF306,0,0,0,0,0,0,0,0,0,0,0,0,0,0,0,0,0,0,0,0,0,0,0,0,0,0,0,0,0,0,0,0,0,0,0,0,0,0,0,0,0,0,
25,0374,UAF307,0,0,0,0,0,0,0,0,0,0,0,0,0,0,0,0,0,0,0,0,0,0,0,0,0,0,0,0,0,0,0,0,0,0,0,0,0,0,0,0,0,0,
25,0375,UAF308:01,0,0,0,0,0,0,0,0,0,0,0,0,0,0,0,0,0,0,0,0,0,0,0,0,0,0,0,0,0,0,0,0,0,0,0,0,0,0,0,0,0,0,
25,0376,UAF308:02,0,0,0,0,0,0,0,0,0,0,0,0,0,0,0,0,0,0,0,0,0,0,0,0,0,0,0,0,0,0,0,0,0,0,0,0,0,0,0,0,0,0,
25,0377,UAF310:01,0,0,0,0,0,0,0,0,0,0,0,0,0,0,0,0,0,0,0,0,0,0,0,0,0,0,0,0,0,0,0,0,0,0,0,0,0,0,0,0,0,0,
25,0378,UAF310:02,0,0,0,0,0,0,0,0,0,0,0,0,0,0,0,0,0,0,0,0,0,0,0,0,0,0,0,0,0,0,0,0,0,0,0,0,0,0,0,0,0,0,
25,0379,UAF310:03,4,4,0,4,4,0,0,0,0,4,2,2,0,0,0,0,2,0,2,0,2,0,0,2,2,0,0,0,0,0,0,0,0,0,0,0,0,0,0,0,0,0,
25,0380,UAF310:04,2,2,0,0,0,0,0,0,0,0,0,0,0,0,0,0,0,0,0,0,0,0,0,0,0,0,0,0,0,0,0,0,0,0,0,0,0,0,0,0,0,0,
25,0381,UAF310:05,2,2,0,2,2,0,0,0,0,2,0,2,0,0,0,0,0,2,2,0,2,0,2,0,2,0,0,0,0,0,0,0,0,0,0,0,0,0,0,0,0,0,
25,0382,UAF310:06,1,1,0,1,1,0,0,0,0,1,1,0,0,0,0,0,1,0,0,1,1,0,0,1,1,0,0,0,0,0,0,0,0,0,0,0,0,0,0,0,0,0,
25,0383,UAF310:07,1,1,0,0,0,0,0,0,0,0,0,0,0,0,0,0,0,0,0,0,0,0,0,0,0,0,0,0,0,0,0,0,0,0,0,0,0,0,0,0,0,0,
25,0384,UAF310:08,0,0,0,0,0,0,0,0,0,0,0,0,0,0,0,0,0,0,0,0,0,0,0,0,0,0,0,0,0,0,0,0,0,0,0,0,0,0,0,0,0,0,
25,0385,UAF310:09,17,17,0,7,7,0,0,0,0,7,4,3,0,0,0,0,5,2,3,4,7,0,4,3,5,2,0,0,0,0,0,0,0,0,0,0,0,0,0,0,0,0,
25,0386,UAF310:10,5,5,0,0,0,0,0,0,0,0,0,0,0,0,0,0,0,0,0,0,0,0,0,0,0,0,0,0,0,0,0,0,0,0,0,0,0,0,0,0,0,0,
25,0387,UAF310:11,6,6,0,1,1,0,0,0,0,1,0,1,0,0,0,0,1,0,1,0,1,0,1,0,1,0,0,0,0,0,0,0,0,0,0,0,0,0,0,0,0,0,
25,0388,UAF310:12,0,0,0,0,0,0,0,0,0,0,0,0,0,0,0,0,0,0,0,0,0,0,0,0,0,0,0,0,0,0,0,0,0,0,0,0,0,0,0,0,0,0,
25,0389,UAF317:01,5,5,0,5,5,0,0,0,0,5,3,2,0,0,0,0,0,5,4,1,4,1,2,1,3,2,0,0,0,0,0,0,0,0,0,0,0,0,0,0,0,0,
25,0390,UAF317:02,2,2,0,2,2,0,0,1,0,1,0,2,0,0,0,0,2,0,2,0,0,2,0,2,1,1,0,0,0,0,0,0,0,0,0,0,0,0,0,0,0,0,
25,0391,UAF319,3,3,0,3,3,0,0,1,0,2,2,1,0,0,0,0,2,1,1,2,3,0,3,0,2,1,0,0,0,0,0,0,0,0,0,0,0,0,0,0,0,0,
25,0392,UAF320:01,0,0,0,0,0,0,0,0,0,0,0,0,0,0,0,0,0,0,0,0,0,0,0,0,0,0,0,0,0,0,0,0,0,0,0,0,0,0,0,0,0,0,
25,0393,UAF320:02,0,0,0,0,0,0,0,0,0,0,0,0,0,0,0,0,0,0,0,0,0,0,0,0,0,0,0,0,0,0,0,0,0,0,0,0,0,0,0,0,0,0,
25,0394,UAF323:01,0,0,0,0,0,0,0,0,0,0,0,0,0,0,0,0,0,0,0,0,0,0,0,0,0,0,0,0,0,0,0,0,0,0,0,0,0,0,0,0,0,0,
25,0395,UAF323:02,0,0,0,0,0,0,0,0,0,0,0,0,0,0,0,0,0,0,0,0,0,0,0,0,0,0,0,0,0,0,0,0,0,0,0,0,0,0,0,0,0,0,
25,0396,UAF323:03,0,0,0,0,0,0,0,0,0,0,0,0,0,0,0,0,0,0,0,0,0,0,0,0,0,0,0,0,0,0,0,0,0,0,0,0,0,0,0,0,0,0,
25,0397,UAF324:01,2,2,0,2,2,0,0,2,0,0,0,2,0,0,0,0,0,2,2,0,0,2,0,2,2,0,0,0,0,0,0,0,0,0,0,0,0,0,0,0,0,0,
25,0398,UAF324:02,0,0,0,0,0,0,0,0,0,0,0,0,0,0,0,0,0,0,0,0,0,0,0,0,0,0,0,0,0,0,0,0,0,0,0,0,0,0,0,0,0,0,
25,0399,UAF324:03,1,1,0,0,0,0,0,0,0,0,0,0,0,0,0,0,0,0,0,0,0,0,0,0,0,0,0,0,0,0,0,0,0,0,0,0,0,0,0,0,0,0,
25,0400,UAF324:04,0,0,0,0,0,0,0,0,0,0,0,0,0,0,0,0,0,0,0,0,0,0,0,0,0,0,0,0,0,0,0,0,0,0,0,0,0,0,0,0,0,0,
25,0401,UAF324:05,0,0,0,0,0,0,0,0,0,0,0,0,0,0,0,0,0,0,0,0,0,0,0,0,0,0,0,0,0,0,0,0,0,0,0,0,0,0,0,0,0,0,
25,0402,UAF324:06,3,3,0,2,2,0,0,0,0,2,0,2,0,0,0,0,0,2,2,0,1,1,1,1,1,1,0,0,0,0,0,0,0,0,0,0,0,0,0,0,0,0,
25,0403,UAF324:07,0,0,0,0,0,0,0,0,0,0,0,0,0,0,0,0,0,0,0,0,0,0,0,0,0,0,0,0,0,0,0,0,0,0,0,0,0,0,0,0,0,0,
25,0404,UAF324:08,0,0,0,0,0,0,0,0,0,0,0,0,0,0,0,0,0,0,0,0,0,0,0,0,0,0,0,0,0,0,0,0,0,0,0,0,0,0,0,0,0,0,
25,0405,UAF401:01,22,22,0,7,7,0,0,0,0,7,0,0,7,0,0,0,1,5,2,4,4,2,0,6,4,2,0,0,0,0,0,0,0,0,0,0,0,0,0,0,0,0,
25,0406,UAF401:02,0,0,0,0,0,0,0,0,0,0,0,0,0,0,0,0,0,0,0,0,0,0,0,0,0,0,0,0,0,0,0,0,0,0,0,0,0,0,0,0,0,0,
25,0407,UAF401:03,0,0,0,0,0,0,0,0,0,0,0,0,0,0,0,0,0,0,0,0,0,0,0,0,0,0,0,0,0,0,0,0,0,0,0,0,0,0,0,0,0,0,
25,0408,UAF401:04,0,0,0,0,0,0,0,0,0,0,0,0,0,0,0,0,0,0,0,0,0,0,0,0,0,0,0,0,0,0,0,0,0,0,0,0,0,0,0,0,0,0,
25,0409,UAF401:05,1,1,0,1,1,0,0,0,0,1,0,0,1,0,0,0,0,1,0,1,1,0,1,0,1,0,0,0,0,0,0,0,0,0,0,0,0,0,0,0,0,0,
25,0410,UAF401:06,0,0,0,0,0,0,0,0,0,0,0,0,0,0,0,0,0,0,0,0,0,0,0,0,0,0,0,0,0,0,0,0,0,0,0,0,0,0,0,0,0,0,
25,0411,UAF401:07,0,0,0,0,0,0,0,0,0,0,0,0,0,0,0,0,0,0,0,0,0,0,0,0,0,0,0,0,0,0,0,0,0,0,0,0,0,0,0,0,0,0,
25,0412,UAF401:08,0,0,0,0,0,0,0,0,0,0,0,0,0,0,0,0,0,0,0,0,0,0,0,0,0,0,0,0,0,0,0,0,0,0,0,0,0,0,0,0,0,0,
25,0413,UAF401:09,2,2,0,0,0,0,0,0,0,0,0,0,0,0,0,0,0,0,0,0,0,0,0,0,0,0,0,0,0,0,0,0,0,0,0,0,0,0,0,0,0,0,
25,0414,UAF401:10,0,0,0,0,0,0,0,0,0,0,0,0,0,0,0,0,0,0,0,0,0,0,0,0,0,0,0,0,0,0,0,0,0,0,0,0,0,0,0,0,0,0,
25,0415,UAL301,40,32,8,12,12,0,0,4,0,8,8,3,0,0,0,0,5,7,5,6,7,4,4,5,6,5,0,0,0,4,5,2,0,0,0,0,0,0,0,0,0,0,
25,0416,UAL306,0,0,0,0,0,0,0,0,0,0,0,0,0,0,0,0,0,0,0,0,0,0,0,0,0,0,0,0,0,0,0,0,0,0,0,0,0,0,0,0,0,0,
25,0417,UBE401,55,55,0,24,24,0,0,1,4,19,0,0,15,8,0,0,0,0,16,8,10,14,3,17,13,11,0,0,0,0,0,0,0,0,0,0,0,0,0,0,0,0,
25,0418,UBN401,421,304,117,182,159,23,0,35,17,107,0,0,101,57,0,0,0,0,105,49,34,123,17,119,84,66,0,0,0,0,0,0,0,0,0,0,30,47,99,0,0,0,
25,0419,UBN402,31,24,7,16,16,0,0,2,0,14,0,0,9,7,0,0,0,0,10,6,3,13,4,12,10,6,0,0,0,0,0,0,0,0,0,0,4,4,8,0,0,0,
25,0420,UBN403,340,232,108,120,102,18,0,13,3,86,0,0,71,28,0,0,0,0,57,37,34,64,19,74,53,43,0,0,0,0,0,0,0,0,0,0,23,39,51,0,0,0,
25,0421,UCB401,5,5,0,5,5,0,0,1,0,4,0,0,3,2,0,0,0,0,3,2,0,5,0,4,3,2,0,0,0,0,0,0,0,0,0,0,0,0,0,0,0,0,
25,0422,UCB402,108,108,0,56,56,0,0,14,0,42,0,0,28,27,0,0,0,0,38,14,24,28,2,49,43,11,0,0,0,0,0,0,0,0,0,0,0,0,0,0,0,0,
25,0423,UCF401,0,0,0,0,0,0,0,0,0,0,0,0,0,0,0,0,0,0,0,0,0,0,0,0,0,0,0,0,0,0,0,0,0,0,0,0,0,0,0,0,0,0,
25,0424,UCH308,0,0,0,0,0,0,0,0,0,0,0,0,0,0,0,0,0,0,0,0,0,0,0,0,0,0,0,0,0,0,0,0,0,0,0,0,0,0,0,0,0,0,
25,0425,UCV401,0,0,0,0,0,0,0,0,0,0,0,0,0,0,0,0,0,0,0,0,0,0,0,0,0,0,0,0,0,0,0,0,0,0,0,0,0,0,0,0,0,0,
25,0426,UEL401,129,129,0,54,54,0,1,3,7,43,0,0,44,8,0,0,0,0,26,26,27,24,6,44,37,16,0,0,0,0,0,0,0,0,0,0,0,0,0,0,0,0,
25,0427,UER401,15,13,2,7,7,0,0,2,0,5,0,0,2,5,0,0,0,0,7,0,1,6,1,6,6,1,0,0,0,0,0,0,0,0,0,0,2,1,4,0,0,0,
25,0428,UER403:01,4,0,4,0,0,0,0,0,0,0,0,0,0,0,0,0,0,0,0,0,0,0,0,0,0,0,0,0,0,0,0,0,0,0,0,0,0,0,0,0,0,0,
25,0429,UER403:02,0,0,0,0,0,0,0,0,0,0,0,0,0,0,0,0,0,0,0,0,0,0,0,0,0,0,0,0,0,0,0,0,0,0,0,0,0,0,0,0,0,0,
25,0430,UFF401,6,6,0,4,4,0,0,0,0,4,0,0,4,0,0,0,0,0,3,0,4,0,0,4,0,4,0,0,0,0,0,0,0,0,0,0,0,0,0,0,0,0,
25,0431,UGE402,0,0,0,0,0,0,0,0,0,0,0,0,0,0,0,0,0,0,0,0,0,0,0,0,0,0,0,0,0,0,0,0,0,0,0,0,0,0,0,0,0,0,
25,0432,UGO402,20,20,0,10,10,0,0,0,0,10,0,0,10,0,0,0,0,0,3,6,3,6,1,8,8,1,0,0,0,0,0,0,0,0,0,0,0,0,0,0,0,0,
25,0433,UHC301,51,51,0,8,8,0,0,2,1,5,2,6,0,0,0,0,0,0,5,2,5,3,4,4,4,4,0,0,0,0,0,0,0,0,0,0,0,0,0,0,0,0,
25,0434,UHC402,145,145,0,65,65,0,0,13,3,49,0,0,48,16,0,0,0,0,29,32,41,18,20,38,34,26,0,0,0,0,0,0,0,0,0,0,0,0,0,0,0,0,
25,0435,UHI301,0,0,0,0,0,0,0,0,0,0,0,0,0,0,0,0,0,0,0,0,0,0,0,0,0,0,0,0,0,0,0,0,0,0,0,0,0,0,0,0,0,0,
25,0436,UHI302:01,0,0,0,0,0,0,0,0,0,0,0,0,0,0,0,0,0,0,0,0,0,0,0,0,0,0,0,0,0,0,0,0,0,0,0,0,0,0,0,0,0,0,
25,0437,UHI302:02,2,1,1,0,0,0,0,0,0,0,0,0,0,0,0,0,0,0,0,0,0,0,0,0,0,0,0,0,0,0,0,0,0,0,0,0,0,0,0,0,0,0,
25,0438,UHI306:01,0,0,0,0,0,0,0,0,0,0,0,0,0,0,0,0,0,0,0,0,0,0,0,0,0,0,0,0,0,0,0,0,0,0,0,0,0,0,0,0,0,0,
25,0439,UHI306:02,0,0,0,0,0,0,0,0,0,0,0,0,0,0,0,0,0,0,0,0,0,0,0,0,0,0,0,0,0,0,0,0,0,0,0,0,0,0,0,0,0,0,
25,0440,UHI310,4,2,2,1,1,0,0,0,1,0,1,0,0,0,0,0,0,1,0,1,0,1,0,1,0,1,0,0,0,0,1,0,0,0,0,0,0,0,0,0,0,0,
25,0441,UHI311:01,0,0,0,0,0,0,0,0,0,0,0,0,0,0,0,0,0,0,0,0,0,0,0,0,0,0,0,0,0,0,0,0,0,0,0,0,0,0,0,0,0,0,
25,0442,UHI311:02,0,0,0,0,0,0,0,0,0,0,0,0,0,0,0,0,0,0,0,0,0,0,0,0,0,0,0,0,0,0,0,0,0,0,0,0,0,0,0,0,0,0,
25,0443,ULE301,0,0,0,0,0,0,0,0,0,0,0,0,0,0,0,0,0,0,0,0,0,0,0,0,0,0,0,0,0,0,0,0,0,0,0,0,0,0,0,0,0,0,
25,0444,ULE302,0,0,0,0,0,0,0,0,0,0,0,0,0,0,0,0,0,0,0,0,0,0,0,0,0,0,0,0,0,0,0,0,0,0,0,0,0,0,0,0,0,0,
25,0445,ULE310,0,0,0,0,0,0,0,0,0,0,0,0,0,0,0,0,0,0,0,0,0,0,0,0,0,0,0,0,0,0,0,0,0,0,0,0,0,0,0,0,0,0,
25,0446,ULE312,1,1,0,0,0,0,0,0,0,0,0,0,0,0,0,0,0,0,0,0,0,0,0,0,0,0,0,0,0,0,0,0,0,0,0,0,0,0,0,0,0,0,
25,0447,ULE314:01,0,0,0,0,0,0,0,0,0,0,0,0,0,0,0,0,0,0,0,0,0,0,0,0,0,0,0,0,0,0,0,0,0,0,0,0,0,0,0,0,0,0,
25,0448,ULE314:02,0,0,0,0,0,0,0,0,0,0,0,0,0,0,0,0,0,0,0,0,0,0,0,0,0,0,0,0,0,0,0,0,0,0,0,0,0,0,0,0,0,0,
25,0449,ULE316:01,0,0,0,0,0,0,0,0,0,0,0,0,0,0,0,0,0,0,0,0,0,0,0,0,0,0,0,0,0,0,0,0,0,0,0,0,0,0,0,0,0,0,
25,0450,ULE316:02,0,0,0,0,0,0,0,0,0,0,0,0,0,0,0,0,0,0,0,0,0,0,0,0,0,0,0,0,0,0,0,0,0,0,0,0,0,0,0,0,0,0,
25,0451,ULE317:01,2,2,0,0,0,0,0,0,0,0,0,0,0,0,0,0,0,0,0,0,0,0,0,0,0,0,0,0,0,0,0,0,0,0,0,0,0,0,0,0,0,0,
25,0452,ULE317:02,0,0,0,0,0,0,0,0,0,0,0,0,0,0,0,0,0,0,0,0,0,0,0,0,0,0,0,0,0,0,0,0,0,0,0,0,0,0,0,0,0,0,
25,0453,ULE317:03,2,2,0,2,2,0,0,0,0,2,1,1,0,0,0,0,2,0,1,1,1,1,1,1,1,0,0,0,0,0,0,0,0,0,0,0,0,0,0,0,0,0,
25,0454,ULE318:01,8,8,0,2,2,0,0,0,0,2,1,1,0,0,0,0,1,0,1,1,1,0,0,1,1,0,0,0,0,0,0,0,0,0,0,0,0,0,0,0,0,0,
25,0455,ULE318:02,0,0,0,0,0,0,0,0,0,0,0,0,0,0,0,0,0,0,0,0,0,0,0,0,0,0,0,0,0,0,0,0,0,0,0,0,0,0,0,0,0,0,
25,0456,ULE318:03,1,1,0,1,1,0,0,1,0,0,0,0,0,0,0,0,0,0,0,0,0,0,0,0,0,0,0,0,0,0,0,0,0,0,0,0,0,0,0,0,0,0,
25,0457,ULE321:01,0,0,0,0,0,0,0,0,0,0,0,0,0,0,0,0,0,0,0,0,0,0,0,0,0,0,0,0,0,0,0,0,0,0,0,0,0,0,0,0,0,0,
25,0458,ULE321:02,0,0,0,0,0,0,0,0,0,0,0,0,0,0,0,0,0,0,0,0,0,0,0,0,0,0,0,0,0,0,0,0,0,0,0,0,0,0,0,0,0,0,
25,0459,ULE321:03,1,1,0,1,1,0,0,0,0,1,0,1,0,0,0,0,1,0,1,0,0,1,0,1,1,0,0,0,0,0,0,0,0,0,0,0,0,0,0,0,0,0,
25,0460,ULE402,0,0,0,0,0,0,0,0,0,0,0,0,0,0,0,0,0,0,0,0,0,0,0,0,0,0,0,0,0,0,0,0,0,0,0,0,0,0,0,0,0,0,
25,0461,ULE405:01,0,0,0,0,0,0,0,0,0,0,0,0,0,0,0,0,0,0,0,0,0,0,0,0,0,0,0,0,0,0,0,0,0,0,0,0,0,0,0,0,0,0,
25,0462,ULE405:02,2,2,0,0,0,0,0,0,0,0,0,0,0,0,0,0,0,0,0,0,0,0,0,0,0,0,0,0,0,0,0,0,0,0,0,0,0,0,0,0,0,0,
25,0463,ULE405:03,2,2,0,2,2,0,0,0,0,2,0,0,2,0,0,0,0,2,2,0,2,0,0,0,2,0,1,1,0,0,0,0,0,0,0,0,0,0,0,0,0,0,
25,0464,ULE405:04,0,0,0,0,0,0,0,0,0,0,0,0,0,0,0,0,0,0,0,0,0,0,0,0,0,0,0,0,0,0,0,0,0,0,0,0,0,0,0,0,0,0,
25,0465,ULE408:01,11,7,4,2,2,0,0,0,0,2,0,0,2,0,0,0,0,2,2,0,0,2,0,2,0,2,2,0,0,0,0,0,0,0,0,0,0,0,0,0,0,0,
25,0466,ULE408:02,4,0,4,0,0,0,0,0,0,0,0,0,0,0,0,0,0,0,0,0,0,0,0,0,0,0,0,0,0,0,0,0,0,0,0,0,0,0,0,0,0,0,
25,0467,ULE410:01,5,5,0,5,5,0,0,0,0,5,0,0,2,3,0,0,3,2,5,0,5,0,5,0,5,0,0,0,0,0,0,0,0,0,0,0,0,0,0,0,0,0,
25,0468,ULE410:02,0,0,0,0,0,0,0,0,0,0,0,0,0,0,0,0,0,0,0,0,0,0,0,0,0,0,0,0,0,0,0,0,0,0,0,0,0,0,0,0,0,0,
25,0469,ULE410:03,0,0,0,0,0,0,0,0,0,0,0,0,0,0,0,0,0,0,0,0,0,0,0,0,0,0,0,0,0,0,0,0,0,0,0,0,0,0,0,0,0,0,
25,0470,ULE411:01,12,12,0,5,5,0,0,0,0,5,0,0,5,0,0,0,5,0,2,3,3,2,0,5,4,1,0,0,0,0,0,0,0,0,0,0,0,0,0,0,0,0,
25,0471,ULE411:02,0,0,0,0,0,0,0,0,0,0,0,0,0,0,0,0,0,0,0,0,0,0,0,0,0,0,0,0,0,0,0,0,0,0,0,0,0,0,0,0,0,0,
25,0472,ULE413,1,1,0,1,1,0,0,0,0,1,0,0,1,0,0,0,1,0,1,0,1,0,0,1,0,1,0,0,0,0,0,0,0,0,0,0,0,0,0,0,0,0,
25,0473,ULE416:01,11,11,0,4,4,0,0,1,1,2,0,0,3,1,0,0,0,4,4,0,1,3,3,1,0,4,0,0,0,0,0,0,0,0,0,0,0,0,0,0,0,0,
25,0474,ULE416:02,0,0,0,0,0,0,0,0,0,0,0,0,0,0,0,0,0,0,0,0,0,0,0,0,0,0,0,0,0,0,0,0,0,0,0,0,0,0,0,0,0,0,
25,0475,ULE416:03,5,5,0,2,2,0,0,0,0,2,0,0,2,0,0,0,0,2,1,1,2,0,2,0,1,1,0,0,0,0,0,0,0,0,0,0,0,0,0,0,0,0,
25,0476,ULE416:04,0,0,0,0,0,0,0,0,0,0,0,0,0,0,0,0,0,0,0,0,0,0,0,0,0,0,0,0,0,0,0,0,0,0,0,0,0,0,0,0,0,0,
25,0477,ULE417:01,2,1,1,0,0,0,0,0,0,0,0,0,0,0,0,0,0,0,0,0,0,0,0,0,0,0,0,0,0,0,0,0,0,0,0,0,0,0,0,0,0,0,
25,0478,ULE417:02,0,0,0,0,0,0,0,0,0,0,0,0,0,0,0,0,0,0,0,0,0,0,0,0,0,0,0,0,0,0,0,0,0,0,0,0,0,0,0,0,0,0,
25,0479,ULE420:01,11,10,1,5,5,0,0,0,0,5,0,0,5,0,0,0,0,0,1,2,2,1,0,3,1,2,0,1,4,0,0,0,0,0,0,0,0,0,0,0,0,0,
25,0480,ULE420:02,2,2,0,2,2,0,0,1,0,1,0,0,2,0,0,0,0,0,0,2,0,2,1,1,1,1,0,1,1,0,0,0,0,0,0,0,0,0,0,0,0,0,
25,0481,ULE421:01,16,8,8,4,4,0,0,0,0,4,0,0,4,0,0,0,3,1,1,3,3,1,0,4,2,2,0,4,0,0,0,0,0,0,0,0,0,0,0,0,0,0,
25,0482,ULE421:02,0,0,0,0,0,0,0,0,0,0,0,0,0,0,0,0,0,0,0,0,0,0,0,0,0,0,0,0,0,0,0,0,0,0,0,0,0,0,0,0,0,0,
25,0483,ULE421:03,5,2,3,2,2,0,0,0,0,2,0,0,0,2,0,0,0,2,2,0,2,0,0,2,0,2,0,0,2,0,0,0,0,0,0,0,0,0,0,0,0,0,
25,0484,ULE421:04,1,1,0,1,1,0,0,0,0,1,0,0,1,0,0,0,1,0,1,0,1,0,0,1,1,0,0,1,0,0,0,0,0,0,0,0,0,0,0,0,0,0,
25,0485,ULE422,10,4,6,1,1,0,0,0,1,0,0,0,0,1,0,0,1,0,0,1,0,1,1,0,0,1,0,1,0,0,0,0,0,0,0,0,0,0,0,0,0,0,
25,0486,ULE423,0,0,0,0,0,0,0,0,0,0,0,0,0,0,0,0,0,0,0,0,0,0,0,0,0,0,0,0,0,0,0,0,0,0,0,0,0,0,0,0,0,0,
25,0487,ULS401,449,312,137,150,135,15,0,9,13,112,0,0,90,40,0,0,0,0,87,38,26,105,27,81,51,71,0,0,0,0,0,0,0,0,0,0,29,36,73,0,0,0,
25,0488,ULS402,89,68,21,43,38,5,0,2,1,35,0,0,32,6,0,0,0,0,25,13,20,18,4,31,25,13,0,0,0,0,0,0,0,0,0,0,1,18,24,0,0,0,
25,0489,ULV301,0,0,0,0,0,0,0,0,0,0,0,0,0,0,0,0,0,0,0,0,0,0,0,0,0,0,0,0,0,0,0,0,0,0,0,0,0,0,0,0,0,0,
25,0490,ULV302,2,2,0,0,0,0,0,0,0,0,0,0,0,0,0,0,0,0,0,0,0,0,0,0,0,0,0,0,0,0,0,0,0,0,0,0,0,0,0,0,0,0,
25,0491,UMA406,0,0,0,0,0,0,0,0,0,0,0,0,0,0,0,0,0,0,0,0,0,0,0,0,0,0,0,0,0,0,0,0,0,0,0,0,0,0,0,0,0,0,
25,0492,UOR350,0,0,0,0,0,0,0,0,0,0,0,0,0,0,0,0,0,0,0,0,0,0,0,0,0,0,0,0,0,0,0,0,0,0,0,0,0,0,0,0,0,0,
25,0493,UOR360,0,0,0,0,0,0,0,0,0,0,0,0,0,0,0,0,0,0,0,0,0,0,0,0,0,0,0,0,0,0,0,0,0,0,0,0,0,0,0,0,0,0,
25,0494,UOR361,2,2,0,2,2,0,0,0,0,2,2,0,0,0,2,0,0,0,2,0,2,0,0,2,1,1,0,0,0,0,0,0,0,0,0,2,0,0,0,0,0,0,
25,0495,UPA401,0,0,0,0,0,0,0,0,0,0,0,0,0,0,0,0,0,0,0,0,0,0,0,0,0,0,0,0,0,0,0,0,0,0,0,0,0,0,0,0,0,0,
25,0496,UPA402,66,66,0,37,37,0,0,6,3,28,0,0,18,19,0,0,0,0,30,4,16,21,6,31,19,15,0,0,0,0,0,0,0,0,0,0,0,0,0,0,0,0,
25,0497,UPA408,59,59,0,33,33,0,0,7,1,24,0,0,22,9,0,0,0,0,21,11,13,20,6,25,16,15,0,0,0,0,0,0,0,0,0,0,0,0,0,0,0,0,
25,0498,UPC301,2,2,0,0,0,0,0,0,0,0,0,0,0,0,0,0,0,0,0,0,0,0,0,0,0,0,0,0,0,0,0,0,0,0,0,0,0,0,0,0,0,0,
25,0499,UPC301:S,39,39,0,17,17,0,0,6,0,11,0,17,0,0,0,0,0,0,11,6,9,8,7,9,3,12,0,0,0,0,0,0,0,0,0,0,0,0,0,0,0,0,
25,0500,UPC302,175,175,0,67,67,0,0,15,8,43,27,38,0,0,0,0,0,0,35,25,30,31,21,42,37,22,0,0,0,0,0,0,0,0,0,0,0,0,0,0,0,0,
25,0501,UPM301,9,9,0,1,1,0,0,0,0,1,0,1,0,0,0,0,0,0,0,1,0,1,1,0,0,1,0,0,0,0,0,0,0,0,0,0,0,0,0,0,0,0,
25,0502,UPM402,215,215,0,109,109,0,0,21,7,80,0,0,79,28,0,0,0,0,71,29,24,81,20,71,56,44,0,0,0,0,0,0,0,0,0,0,0,0,0,0,0,0,
25,0503,UPR304,6,6,0,4,4,0,0,0,0,4,0,4,0,0,0,0,0,0,2,2,4,0,0,2,1,3,0,0,0,0,0,0,0,0,0,0,0,0,0,0,0,0,
25,0504,UPR308,0,0,0,0,0,0,0,0,0,0,0,0,0,0,0,0,0,0,0,0,0,0,0,0,0,0,0,0,0,0,0,0,0,0,0,0,0,0,0,0,0,0,
25,0505,UPR321,0,0,0,0,0,0,0,0,0,0,0,0,0,0,0,0,0,0,0,0,0,0,0,0,0,0,0,0,0,0,0,0,0,0,0,0,0,0,0,0,0,0,
25,0506,UPR364,0,0,0,0,0,0,0,0,0,0,0,0,0,0,0,0,0,0,0,0,0,0,0,0,0,0,0,0,0,0,0,0,0,0,0,0,0,0,0,0,0,0,
25,0507,USA402,217,151,66,62,57,5,0,14,4,39,0,0,30,26,0,0,0,0,23,31,29,26,14,40,35,20,0,0,0,0,0,0,0,0,0,0,4,34,21,0,0,0,
25,0508,USA407,0,0,0,0,0,0,0,0,0,0,0,0,0,0,0,0,0,0,0,0,0,0,0,0,0,0,0,0,0,0,0,0,0,0,0,0,0,0,0,0,0,0,
25,0509,USF402,0,0,0,0,0,0,0,0,0,0,0,0,0,0,0,0,0,0,0,0,0,0,0,0,0,0,0,0,0,0,0,0,0,0,0,0,0,0,0,0,0,0,
25,0510,USF410,0,0,0,0,0,0,0,0,0,0,0,0,0,0,0,0,0,0,0,0,0,0,0,0,0,0,0,0,0,0,0,0,0,0,0,0,0,0,0,0,0,0,
25,0511,USF411,104,104,0,51,51,0,0,2,12,37,0,0,35,16,0,0,0,0,35,14,13,37,5,38,24,24,0,0,0,0,0,0,0,0,0,0,0,0,0,0,0,0,
25,0512,USF418,6,3,3,4,3,1,0,1,0,2,0,0,0,3,0,0,0,0,3,0,1,2,1,2,0,3,0,0,0,0,0,0,0,0,0,0,0,0,4,0,0,0,
25,0513,USL401,249,249,0,125,125,0,0,13,3,108,0,0,84,40,0,0,0,0,82,37,53,66,21,73,74,44,0,0,0,0,0,0,0,0,0,0,0,0,0,0,0,0,
25,0514,USP406,0,0,0,0,0,0,0,0,0,0,0,0,0,0,0,0,0,0,0,0,0,0,0,0,0,0,0,0,0,0,0,0,0,0,0,0,0,0,0,0,0,0,
25,0515,USQ401,13,13,0,6,6,0,0,4,2,0,0,0,0,5,0,0,0,0,6,0,3,3,2,4,4,2,0,0,0,0,0,0,0,0,0,0,0,0,0,0,0,0,
25,0516,USQ404,7,7,0,6,6,0,0,0,0,6,0,0,4,2,0,0,0,0,4,2,2,4,3,3,2,3,0,0,0,0,0,0,0,0,0,0,0,0,0,0,0,0,
25,0517,USQ405,3,3,0,2,2,0,0,2,0,0,0,0,0,2,0,0,0,0,2,0,0,2,0,2,0,2,0,0,0,0,0,0,0,0,0,0,0,0,0,0,0,0,
25,0518,USQ408,1,1,0,0,0,0,0,0,0,0,0,0,0,0,0,0,0,0,0,0,0,0,0,0,0,0,0,0,0,0,0,0,0,0,0,0,0,0,0,0,0,0,
25,0519,USR410:01,0,0,0,0,0,0,0,0,0,0,0,0,0,0,0,0,0,0,0,0,0,0,0,0,0,0,0,0,0,0,0,0,0,0,0,0,0,0,0,0,0,0,
25,0520,USR410:02,2,1,1,1,1,0,0,1,0,0,0,0,1,0,0,0,0,0,1,0,0,1,0,0,0,1,0,0,1,0,0,0,0,0,0,0,0,0,0,0,0,0,
25,0521,USR410:03,0,0,0,0,0,0,0,0,0,0,0,0,0,0,0,0,0,0,0,0,0,0,0,0,0,0,0,0,0,0,0,0,0,0,0,0,0,0,0,0,0,0,
25,0522,USR411,5,3,2,0,0,0,0,0,0,0,0,0,0,0,0,0,0,0,0,0,0,0,0,0,0,0,0,0,0,0,0,0,0,0,0,0,0,0,0,0,0,0,
25,0523,USR424,2,2,0,0,0,0,0,0,0,0,0,0,0,0,0,0,0,0,0,0,0,0,0,0,0,0,0,0,0,0,0,0,0,0,0,0,0,0,0,0,0,0,
25,0524,UUL303,0,0,0,0,0,0,0,0,0,0,0,0,0,0,0,0,0,0,0,0,0,0,0,0,0,0,0,0,0,0,0,0,0,0,0,0,0,0,0,0,0,0,
25,0525,UUL401,0,0,0,0,0,0,0,0,0,0,0,0,0,0,0,0,0,0,0,0,0,0,0,0,0,0,0,0,0,0,0,0,0,0,0,0,0,0,0,0,0,0,
25,0526,UUL402,0,0,0,0,0,0,0,0,0,0,0,0,0,0,0,0,0,0,0,0,0,0,0,0,0,0,0,0,0,0,0,0,0,0,0,0,0,0,0,0,0,0,
25,0527,UWM401,82,66,16,16,16,0,0,2,1,13,0,0,14,2,0,0,0,0,9,6,3,13,3,12,10,6,0,0,0,0,0,0,0,0,0,0,3,7,6,0,0,0,
25,0528,UWM402,825,825,0,341,341,0,0,42,24,275,0,0,239,97,0,0,0,0,187,143,148,183,47,249,205,122,0,0,0,0,0,0,0,0,0,0,0,0,0,0,0,0,
25,0529,VI301,659,249,410,48,34,14,0,13,0,19,14,16,0,0,22,10,0,0,22,10,15,17,8,24,15,16,0,0,0,0,0,0,4,20,17,3,0,0,0,0,0,0,
25,0530,VI302,1101,663,438,259,214,45,0,58,10,146,67,142,0,0,122,86,0,0,124,71,99,102,57,134,112,79,0,0,0,0,0,0,16,100,84,34,0,0,0,0,0,0,
25,0531,VI304,781,388,393,154,119,35,0,53,8,58,36,81,0,0,77,36,0,0,66,46,62,50,24,80,55,50,0,0,0,0,0,0,8,61,59,19,0,0,0,0,0,0,
25,0532,VI305,643,298,345,69,50,19,0,21,4,25,20,29,0,0,35,14,0,0,31,16,29,18,10,34,27,20,0,0,0,0,0,0,7,20,24,13,0,0,0,0,0,0,
25,0533,VI306,892,550,342,187,152,35,0,78,4,69,39,109,0,0,100,43,0,0,92,51,74,67,24,111,70,68,0,0,0,0,0,0,12,45,95,29,0,0,0,0,0,0,
25,0534,VI307,864,527,337,200,171,29,0,55,12,103,49,118,0,0,118,43,0,0,107,57,84,78,45,111,90,70,0,0,0,0,0,0,3,89,73,28,0,0,0,0,0,0,
25,0535,VI308,1064,705,359,327,278,49,0,90,21,166,95,177,0,0,174,88,0,0,156,101,136,121,71,163,136,112,0,0,0,0,0,0,18,109,142,37,0,0,0,0,0,0,
25,0536,WH401,1093,778,315,409,376,33,0,81,25,268,0,0,273,92,0,0,0,0,224,114,107,242,84,247,175,161,0,0,0,0,0,0,0,0,0,0,29,149,188,0,0,0,
25,ZZZ,COUNTY TOTALS,243452,202240,41212,90851,86033,4818,26,24520,6770,54306,17864,33854,20782,11520,8833,3870,12369,13867,50504,29565,39221,41107,19580,56113,43828,34778,2047,1978,2868,3893,4290,4184,413,1944,2982,1087,591,1187,2171,682,345,372,