COUNTY NUMBER,PRECINCT CODE,PRECINCT NAME,REGISTERED VOTERS TOTAL,BALLOTS CAST TOTAL,U.S. PRESIDENT/VICE PRESIDENT,U.S. PRESIDENT/VICE PRESIDENT,U.S. PRESIDENT/VICE PRESIDENT,U.S. PRESIDENT/VICE PRESIDENT,U.S. PRESIDENT/VICE PRESIDENT,U.S. PRESIDENT/VICE PRESIDENT,U.S. PRESIDENT/VICE PRESIDENT,U.S. PRESIDENT/VICE PRESIDENT,U.S. PRESIDENT/VICE PRESIDENT,U.S. PRESIDENT/VICE PRESIDENT,U.S. PRESIDENT/VICE PRESIDENT,U.S. PRESIDENT/VICE PRESIDENT,U.S. PRESIDENT/VICE PRESIDENT,U.S. PRESIDENT/VICE PRESIDENT,U.S. PRESIDENT/VICE PRESIDENT,U.S. PRESIDENT/VICE PRESIDENT,U.S. PRESIDENT/VICE PRESIDENT,U.S. CONGRESSIONAL DISTRICT 1,U.S. CONGRESSIONAL DISTRICT 1,GOVERNOR/LT. GOVERNOR,GOVERNOR/LT. GOVERNOR,GOVERNOR/LT. GOVERNOR,GOVERNOR/LT. GOVERNOR,GOVERNOR/LT. GOVERNOR,GOVERNOR/LT. GOVERNOR,GOVERNOR/LT. GOVERNOR,GOVERNOR/LT. GOVERNOR,ATTORNEY GENERAL,ATTORNEY GENERAL,ATTORNEY GENERAL,STATE AUDITOR,STATE AUDITOR,STATE AUDITOR,STATE TREASURER,STATE TREASURER,STATE TREASURER,STATE SENATE DISTRICT 19 STATE SENATE 19,STATE SENATE DISTRICT 19 STATE SENATE 19,STATE SENATE DISTRICT 20 STATE SENATE 20,STATE HOUSE OF REPRESENTATIVES DISTRICT 7 STATE HOUSE 7,STATE HOUSE OF REPRESENTATIVES DISTRICT 7 STATE HOUSE 7,STATE HOUSE OF REPRESENTATIVES DISTRICT 8 STATE HOUSE 8,STATE HOUSE OF REPRESENTATIVES DISTRICT 8 STATE HOUSE 8,STATE HOUSE OF REPRESENTATIVES DISTRICT 9 STATE HOUSE 9,STATE HOUSE OF REPRESENTATIVES DISTRICT 9 STATE HOUSE 9,STATE HOUSE OF REPRESENTATIVES DISTRICT 10 STATE HOUSE 10,STATE HOUSE OF REPRESENTATIVES DISTRICT 10 STATE HOUSE 10,STATE HOUSE OF REPRESENTATIVES DISTRICT 11 STATE HOUSE 11,STATE HOUSE OF REPRESENTATIVES DISTRICT 11 STATE HOUSE 11,STATE HOUSE OF REPRESENTATIVES DISTRICT 12 STATE HOUSE 12,STATE HOUSE OF REPRESENTATIVES DISTRICT 12 STATE HOUSE 12,STATE HOUSE OF REPRESENTATIVES DISTRICT 29 STATE HOUSE 29,STATE HOUSE OF REPRESENTATIVES DISTRICT 29 STATE HOUSE 29,STATE HOUSE OF REPRESENTATIVES DISTRICT 29 STATE HOUSE 29,STATE BOARD OF EDUCATION DISTRICT 4 STATE SCHOOL BOARD 4,COUNTY COMMISSION SEAT C,COUNTY COMMISSION SEAT C,COUNTY ASSESSOR,COUNTY RECORDER/SURVEYOR,COUNTY RECORDER/SURVEYOR,COUNTY TREASURER,OGDEN SCHOOL BOARD DISTRICT 1 OGDEN SCHOOL BOARD 1,OGDEN SCHOOL BOARD DISTRICT 1 OGDEN SCHOOL BOARD 1,OGDEN SCHOOL BOARD DISTRICT 3 OGDEN SCHOOL BOARD 3,OGDEN SCHOOL BOARD DISTRICT 4 TWO YEAR TERM OGDEN SCHOOL BOARD 4,OGDEN SCHOOL BOARD DISTRICT 4 TWO YEAR TERM OGDEN SCHOOL BOARD 4,OGDEN SCHOOL BOARD DISTRICT 5 OGDEN SCHOOL BOARD 5,OGDEN SCHOOL BOARD DISTRICT 5 OGDEN SCHOOL BOARD 5,OGDEN SCHOOL BOARD DISTRICT 6 OGDEN SCHOOL BOARD 6,WEBER SCHOOL BOARD DISTRICT 4 WEBER SCHOOL BOARD 4,WEBER SCHOOL BOARD DISTRICT 5 WEBER SCHOOL BOARD 5,WEBER SCHOOL BOARD DISTRICT 7 WEBER SCHOOL BOARD 7,SUPREME COURT JOHN A. PEARCE,SUPREME COURT JOHN A. PEARCE,APPELATE COURT DAVID N. MORTENSEN,APPELATE COURT DAVID N. MORTENSEN,APPELATE COURT DIANA HAGEN,APPELATE COURT DIANA HAGEN,APPELATE COURT GREGORY KEITH ORME,APPELATE COURT GREGORY KEITH ORME,APPELATE COURT JILL M. POHLMAN,APPELATE COURT JILL M. POHLMAN,APPELATE COURT MICHELE M. CHRISTIANSEN FORSTER,APPELATE COURT MICHELE M. CHRISTIANSEN FORSTER,APPELATE COURT RYAN M. HARRIS,APPELATE COURT RYAN M. HARRIS,JUVENILE COURT JEFFREY J. NOLAND,JUVENILE COURT JEFFREY J. NOLAND,JUVENILE COURT MICHELLE E. HEWARD,JUVENILE COURT MICHELLE E. HEWARD,JUVENILE COURT ROBERT G. NEILL,JUVENILE COURT ROBERT G. NEILL,DISTRICT COURT DAVID R. HAMILITON,DISTRICT COURT DAVID R. HAMILITON,DISTRICT COURT JENNIFER L. VALENCIA,DISTRICT COURT JENNIFER L. VALENCIA,DISTRICT COURT NOEL S. HYDE,DISTRICT COURT NOEL S. HYDE,DISTRICT COURT ROBERT J. DALE,DISTRICT COURT ROBERT J. DALE,ROY CITY JUSTICE COURT TRENT D. NELSON,ROY CITY JUSTICE COURT TRENT D. NELSON,OGDEN CITY JUSTICE COURT CLAY W. STUCKI,OGDEN CITY JUSTICE COURT CLAY W. STUCKI,OGDEN CITY JUSTICE COURT MICHAEL S. JUNK,OGDEN CITY JUSTICE COURT MICHAEL S. JUNK,PLAIN CITY JUSTICE COURT BRYAN J. MEMMOTT,PLAIN CITY JUSTICE COURT BRYAN J. MEMMOTT,CONSTITUTIONAL AMENDMENT A,CONSTITUTIONAL AMENDMENT A,CONSTITUTIONAL AMENDMENT B,CONSTITUTIONAL AMENDMENT B,CONSTITUTIONAL AMENDMENT C,CONSTITUTIONAL AMENDMENT C,CONSTITUTIONAL AMENDMENT D,CONSTITUTIONAL AMENDMENT D,CONSTITUTIONAL AMENDMENT E,CONSTITUTIONAL AMENDMENT E,CONSTITUTIONAL AMENDMENT F,CONSTITUTIONAL AMENDMENT F,CONSTITUTIONAL AMENDMENT G,CONSTITUTIONAL AMENDMENT G,PROPOSITION 18 WEST WEBER COMMUNITY,PROPOSITION 18 WEST WEBER COMMUNITY,PROPOSITION 18 QUESTION 2 West Weber,PROPOSITION 18 QUESTION 2 West Weber,PROPOSITION 18 QUESTION 2 West Weber,PROPOSITION 18 QUESTION 2 West Weber,PROPOSITION 18 QUESTION 3,PROPOSITION 18 QUESTION 3,
,,,,,NON,NON,NON,NON,NON,NON,NON,NON,NON,NON,NON,NON,NON,NON,NON,NON,NON,NON,NON,NON,NON,NON,NON,NON,NON,NON,NON,NON,NON,NON,NON,NON,NON,NON,NON,NON,NON,NON,NON,NON,NON,NON,NON,NON,NON,NON,NON,NON,NON,NON,NON,NON,NON,NON,NON,NON,NON,NON,NON,NON,NON,NON,NON,NON,NON,NON,NON,NON,NON,NON,NON,NON,NON,NON,NON,NON,NON,NON,NON,NON,NON,NON,NON,NON,NON,NON,NON,NON,NON,NON,NON,NON,NON,NON,NON,NON,NON,NON,NON,NON,NON,NON,NON,NON,NON,NON,NON,NON,NON,NON,NON,NON,NON,NON,NON,NON,NON,NON,NON,NON,NON,NON,NON,NON,NON,NON,NON,NON,NON,NON,
,,,VOTERS,BALLOTS CAST,UNA BROCK PIERCE,KARLA BALLARD,UNA KANYE WEST,MICHELLE TIDBALL,DEM JOSEPH R. BIDEN,KAMALA D. HARRIS,CON DON BLANKENSHIP,WILLIAM MOHR,LIB JO JORGENSEN,JEREMY COHEN,UNA JOE MCHUGH,ELIZABETH STORM,GRN HOWIE HAWKINS,ANGELA WALKER,UNA GLORIA LA RIVA,REP DONALD J. TRUMP,MICHAEL R. PENCE,DEM DARREN PARRY,REP BLAKE DAVID MOORE,DEM CHRIS PETERSON,KARINA BROWN,IAP GREG DUERDEN,WAYNE HILL,REP SPENCER J. COX,DEIDRE M. HENDERSON,LIB DANIEL RHEAD COTTAM,BARRY EVAN SHORT,LIB RUDY J. BAUTISTA,DEM GREG SKORDAS,REP SEAN D. REYES,REP JOHN 'FRUGAL' DOUGALL,CON JEFFREY L. OSTLER,UUP BRIAN L. FABBI,CON RICHARD PROCTOR,REP DAVID DAMSCHEN,LIB JOSEPH SPECIALE,DEM KATY OWENS,REP JOHN D. JOHNSON,REP GREGG BUXTON,DEM GRANT PROTZMAN,REP RYAN D. WILCOX,REP STEVE WALDRIP,DEM OSCAR LANDON MATA,DEM STEVE OLSEN,REP CALVIN MUSSELMAN,DEM LAWANNA LOU SHURTLIFF,REP TRAVIS CAMPBELL,DEM JASON M. ALLEN,REP KELLY B. MILES,REP MIKE SCHULTZ,UUP SHAWN FERRIOLA,DEM KERRY M WAYNE,REP MATT GWYNN,UUP TANNER GREENHALGH,REP BRENT J. STRATE,DEM ALEX MCDONALD,REP JIM HARVEY,REP JOHN E. ULIBARRI,REP LEANN KILTS,DEM SAMUEL LEAKE,REP JOHN B. BOND,DON E. BELNAP,ARLENE ANDERSON,JENNIFER ZUNDEL,AMBER ALLRED,JEREMY SHINODA,SUE ANN K. BURTON,NANCY BLAIR,SUSAN RICHARDS,PAUL J. WIDDISON,DOUGLAS R. HURST,JON S. RITCHIE,Yes,No,Yes,No,Yes,No,Yes,No,Yes,No,Yes,No,Yes,No,Yes,No,Yes,No,Yes,No,Yes,No,Yes,No,Yes,No,Yes,No,Yes,No,Yes,No,Yes,No,Yes,No,For,Against,For,Against,For,Against,For,Against,For,Against,For,Against,For,Against,Yes,No,5 member council form,6 member council form,5 member council-mayor form,7 member council-mayor form,Yes,No,
,0001,FRW001,859,796,1,0,4,0,123,0,2,0,16,0,0,0,1,0,0,632,0,116,645,107,0,12,0,627,0,26,0,31,116,634,636,83,37,66,635,57,0,0,717,0,0,0,0,0,0,0,0,0,0,0,0,112,628,25,0,133,631,727,657,105,664,0,0,0,0,0,0,0,0,0,0,0,636,79,615,96,641,72,621,88,628,81,629,81,594,117,626,70,630,69,598,87,610,82,599,102,611,84,619,77,0,0,0,0,0,0,609,86,330,432,587,168,540,213,413,332,661,105,477,270,370,383,0,0,0,0,0,0,0,0,
,0002,FRW002,634,592,1,0,2,0,179,0,2,0,2,0,0,0,0,0,0,396,0,175,387,153,0,17,0,389,0,16,0,23,170,386,417,89,34,82,402,58,0,0,513,0,0,0,0,0,0,0,0,0,0,0,0,174,385,13,0,167,401,510,421,143,417,0,0,0,0,0,0,0,0,512,0,0,431,90,409,110,444,80,409,106,436,86,432,83,396,114,409,100,439,79,413,96,419,92,429,86,414,96,407,100,0,0,0,0,0,0,424,92,299,253,431,117,419,131,309,232,462,99,334,204,345,213,0,0,0,0,0,0,0,0,
,0003,FRW003,1284,1159,0,0,8,0,270,0,6,0,29,0,0,0,3,0,2,824,0,240,848,197,0,24,0,841,0,34,0,56,225,838,887,100,73,89,877,108,0,0,1002,0,0,0,0,0,0,0,0,0,0,0,0,210,883,17,0,233,873,1010,896,196,885,0,0,0,0,0,0,0,0,0,0,0,841,153,811,181,850,149,823,169,855,140,827,166,801,194,838,148,863,125,825,148,824,154,809,173,829,152,823,156,0,0,0,0,0,0,831,149,560,532,846,221,817,260,569,470,927,160,672,364,600,481,0,0,0,0,0,0,0,0,
,0004,FRW004,1597,1471,6,0,3,0,344,0,2,0,35,0,5,0,4,0,1,1052,0,375,1012,263,0,22,0,1076,0,44,0,51,302,1061,1116,142,86,117,1123,111,0,0,1291,0,0,0,0,0,0,0,0,0,0,0,0,267,1101,26,0,293,1091,1294,1152,228,1134,0,0,0,0,0,0,0,0,0,0,0,1067,206,1014,246,1086,186,1034,221,1082,183,1067,196,993,272,1047,202,1068,183,1026,216,1046,195,1008,237,1033,210,1038,204,0,0,0,0,0,0,1046,196,659,726,1105,260,1025,356,757,578,1186,210,867,458,685,694,0,0,0,0,0,0,0,0,
,0005,HPR001,999,927,1,0,3,0,127,0,3,0,10,0,1,0,2,0,1,767,0,143,726,111,0,7,0,742,0,20,0,35,124,734,746,59,50,60,738,62,0,0,805,0,0,0,0,0,0,0,0,0,0,729,145,0,0,0,0,128,753,816,765,108,756,0,0,0,0,0,0,0,0,810,0,0,649,130,634,143,649,132,647,130,651,130,643,134,603,166,646,127,649,131,632,137,636,131,618,158,631,140,638,132,0,0,0,0,0,0,627,140,350,529,674,190,619,249,446,394,752,128,523,317,431,438,0,0,0,0,0,0,0,0,
,0006,HPR002,408,380,0,0,2,0,64,0,2,0,8,0,0,0,0,0,0,302,0,65,292,49,0,10,0,281,0,17,0,17,51,299,299,43,19,42,301,17,0,0,340,0,0,0,0,0,0,0,0,0,0,296,64,0,0,0,0,70,293,343,311,50,305,0,0,0,0,0,0,0,0,341,0,0,266,61,258,72,265,64,261,69,267,64,254,75,242,85,259,68,264,62,258,66,263,62,251,77,266,64,258,68,0,0,0,0,0,0,248,73,152,207,265,91,233,125,160,192,298,66,191,157,152,210,0,0,0,0,0,0,0,0,
,0007,HPR003,823,764,2,0,2,0,137,0,2,0,11,0,4,0,0,0,0,591,0,146,589,114,0,12,0,585,0,17,0,25,137,584,604,70,45,70,593,59,0,0,679,0,0,0,0,0,0,0,0,0,0,617,108,0,0,0,0,142,590,677,614,115,616,0,0,0,0,0,0,0,0,663,0,0,550,134,511,172,551,131,530,149,549,132,528,140,493,170,533,136,545,125,534,131,539,126,515,157,538,129,536,127,0,0,0,0,0,0,528,143,316,412,553,160,533,191,371,335,617,117,410,292,361,367,0,0,0,0,0,0,0,0,
,0008,HPR004,876,779,0,0,2,0,191,0,1,0,6,0,0,0,2,0,3,563,0,185,542,130,0,7,0,568,0,24,0,39,163,541,560,86,56,68,566,68,0,0,670,0,0,0,0,0,0,0,0,0,0,572,144,0,0,0,0,174,554,665,583,138,572,0,0,0,0,0,0,0,0,662,0,0,558,112,539,129,560,107,544,120,564,104,551,105,513,140,537,117,565,96,533,118,543,109,530,130,543,114,542,112,0,0,0,0,0,0,533,123,340,401,582,133,563,157,364,340,647,90,462,244,374,354,0,0,0,0,0,0,0,0,
,0009,HPR005,930,838,2,0,3,0,216,0,1,0,24,0,4,0,1,0,0,574,0,216,580,169,0,9,0,585,0,25,0,41,183,589,613,86,67,70,601,94,0,0,723,0,0,0,0,0,0,0,0,0,0,603,185,0,0,0,0,201,590,721,613,166,616,0,0,0,0,0,0,0,0,708,0,0,623,102,585,139,627,102,588,136,622,108,606,118,549,172,618,102,616,108,606,108,614,103,589,137,606,118,612,105,0,0,0,0,0,0,607,112,414,385,640,144,605,185,493,279,689,105,546,232,454,342,0,0,0,0,0,0,0,0,
,0010,HPR006,926,851,0,0,2,0,152,0,2,0,20,0,0,0,1,0,0,662,0,159,637,116,0,13,0,638,0,30,0,38,164,619,630,81,72,66,639,75,0,0,740,0,0,0,0,0,0,0,0,0,0,620,178,0,0,0,0,164,639,731,657,134,661,0,0,0,0,0,0,0,0,736,0,0,602,139,580,156,610,130,593,147,612,127,593,130,552,170,593,133,595,129,592,130,594,129,560,164,585,135,597,124,0,0,0,0,0,0,588,133,329,476,611,177,524,268,390,383,688,122,491,284,379,417,0,0,0,0,0,0,0,0,
,0011,HSV001,1051,971,2,0,4,0,281,0,2,0,26,0,1,0,4,0,0,637,0,282,639,233,0,16,0,625,0,42,0,61,247,628,681,111,103,92,669,134,304,621,0,0,0,613,312,0,0,0,0,0,0,0,0,0,0,0,0,269,656,825,675,247,677,0,0,0,0,0,0,0,0,0,0,0,690,155,656,186,702,145,672,176,696,150,699,146,651,194,696,144,704,133,666,160,680,149,665,168,678,151,690,141,0,0,0,0,0,0,679,152,445,480,711,204,668,241,485,394,768,156,526,360,474,433,0,0,0,0,0,0,0,0,
,0012,HSV002,936,846,2,0,2,0,259,0,6,0,19,0,0,0,4,0,0,542,0,223,574,214,0,16,0,541,0,25,0,52,196,564,603,86,86,80,592,105,263,537,0,0,0,532,271,0,0,0,0,0,0,0,0,0,0,0,0,217,572,736,598,185,592,0,0,0,0,0,0,0,0,0,0,0,597,114,563,142,605,102,581,128,600,108,591,112,559,147,581,117,599,104,576,114,585,108,563,132,586,114,584,108,0,0,0,0,0,0,582,113,393,388,595,161,586,187,451,286,659,125,472,277,408,369,0,0,0,0,0,0,0,0,
,0013,HSV003,215,203,1,0,1,0,39,0,0,0,5,0,0,0,1,0,0,155,0,40,144,38,0,1,0,143,0,7,0,13,32,147,147,22,14,21,150,12,47,139,0,0,0,0,0,0,0,0,0,0,0,0,0,36,146,5,0,41,149,173,154,33,151,0,0,0,0,0,0,0,0,0,0,0,146,28,142,31,153,20,140,31,146,27,148,25,138,35,143,27,148,22,138,30,144,25,146,24,143,26,145,25,0,0,0,0,0,0,146,24,84,102,159,27,135,48,98,83,180,14,128,51,123,69,0,0,0,0,0,0,0,0,
,0014,HSV004,1147,1049,1,0,7,0,321,0,8,0,28,0,0,0,4,0,0,655,0,304,687,254,0,12,0,695,0,42,0,67,271,673,740,127,92,120,713,132,347,657,0,0,0,647,359,0,0,0,0,0,0,0,0,0,0,0,0,290,708,892,720,271,728,0,0,0,0,0,0,0,0,0,0,0,773,140,753,157,792,126,759,156,791,124,775,139,727,189,769,143,792,123,768,135,757,148,757,150,757,150,767,139,0,0,0,0,0,0,758,145,554,457,814,174,780,228,584,390,817,188,645,331,547,450,0,0,0,0,0,0,0,0,
,0015,HTV001,417,383,0,0,1,0,121,0,3,0,17,0,2,0,2,0,0,228,0,107,247,94,0,16,0,237,0,12,0,24,126,215,243,54,35,46,254,36,124,240,0,0,0,236,123,0,0,0,0,0,0,0,0,0,0,0,0,127,231,286,241,106,252,0,0,0,0,0,0,0,0,0,0,0,250,63,229,79,259,52,248,60,252,60,244,64,221,88,247,59,252,51,241,59,248,53,221,81,240,61,245,57,0,0,0,0,0,0,243,54,180,182,276,84,267,95,200,151,254,111,237,110,157,204,0,0,0,0,0,0,0,0,
,0016,MSC001,51,48,0,0,1,0,8,0,1,0,0,0,0,0,0,0,0,37,0,7,38,5,0,0,0,37,0,1,0,2,10,34,36,4,0,4,35,1,0,0,39,0,0,0,0,8,38,0,0,0,0,0,0,0,0,0,0,8,37,38,36,9,38,0,0,0,0,0,0,0,0,35,0,0,29,9,27,9,31,7,29,8,33,5,30,6,27,10,29,8,31,6,29,7,29,8,27,10,30,7,28,9,0,0,0,0,0,0,29,8,22,23,35,7,35,10,27,15,35,11,26,16,26,17,0,0,0,0,0,0,0,0,
,0017,MSC002,472,412,0,0,1,0,130,0,1,0,5,0,1,0,1,0,0,266,0,109,284,95,0,2,0,282,0,14,0,17,119,269,298,36,42,45,300,38,0,0,358,0,0,0,0,0,0,0,0,0,0,0,0,123,268,6,0,114,288,352,300,98,298,0,0,0,0,0,0,0,0,347,0,0,285,67,269,83,283,65,267,83,284,65,281,68,257,88,269,78,290,58,277,69,280,66,258,90,280,64,271,72,0,0,0,0,0,0,272,75,188,204,289,97,281,104,186,198,310,77,219,160,205,180,0,0,0,0,0,0,0,0,
,0018,MSC003,259,245,2,0,0,0,57,0,1,0,1,0,1,0,1,0,0,177,0,43,190,32,0,2,0,193,0,6,0,11,39,186,187,20,19,15,187,23,0,0,213,0,0,0,0,0,0,0,0,0,0,0,0,36,188,6,0,43,192,217,197,36,193,0,0,0,0,0,0,0,0,206,0,0,169,31,157,43,173,28,163,38,172,29,164,32,154,40,159,37,167,28,160,34,162,32,162,34,162,33,160,33,0,0,0,0,0,0,160,37,97,131,158,61,150,71,104,114,190,38,130,83,113,113,0,0,0,0,0,0,0,0,
,0019,MSC004,320,288,0,0,1,0,66,0,0,0,4,0,0,0,1,0,0,214,0,54,219,39,0,1,0,235,0,6,0,9,58,215,237,20,15,23,227,21,0,0,250,0,0,0,0,0,0,0,0,0,0,0,0,54,215,2,0,54,224,254,233,41,242,0,0,0,0,0,0,0,0,239,0,0,207,36,200,42,210,33,201,42,209,34,211,33,198,43,206,36,211,30,204,29,202,36,197,41,207,34,207,30,0,0,0,0,0,0,204,37,136,142,204,71,205,70,139,129,225,54,165,103,131,147,0,0,0,0,0,0,0,0,
,0020,NOG001,804,729,1,0,5,0,214,0,4,0,16,0,3,0,1,0,0,473,0,191,490,164,0,11,0,492,0,28,0,46,176,482,510,87,53,73,513,66,217,475,0,0,0,470,224,0,0,0,0,0,0,0,0,0,0,0,0,176,509,604,519,163,527,0,0,0,0,0,0,0,0,0,0,0,527,84,502,106,534,79,506,99,531,79,523,85,486,131,513,95,541,67,516,81,519,86,502,106,524,81,524,78,0,0,0,0,0,0,516,83,353,334,522,155,517,165,391,261,560,123,449,212,349,335,0,0,0,0,0,0,0,0,
,0021,NOG002,925,836,2,0,4,0,293,0,3,0,29,0,3,0,2,0,0,486,0,250,540,216,0,11,0,532,0,41,0,45,246,521,589,92,96,84,572,119,294,507,0,268,539,0,0,0,0,0,0,0,0,0,0,0,0,0,0,258,539,736,569,225,566,0,0,0,0,0,0,0,0,0,0,0,591,149,574,156,606,131,584,150,604,133,601,133,564,175,590,146,605,130,577,148,588,139,571,157,577,150,579,147,0,0,0,0,0,0,577,151,446,349,630,151,597,184,447,309,629,159,488,270,413,370,0,0,0,0,0,0,0,0,
,0022,NOG003,943,861,3,0,2,0,250,0,3,0,19,0,2,0,2,0,1,550,0,228,586,197,0,9,0,573,0,30,0,44,219,565,610,96,59,91,583,92,260,563,0,255,575,0,0,0,0,0,0,0,0,0,0,0,0,0,0,226,588,701,620,191,612,0,0,0,0,0,0,0,0,0,0,0,607,106,578,125,608,94,590,109,611,91,603,98,571,135,601,101,608,94,578,111,592,102,579,119,587,115,594,99,0,0,0,0,0,0,591,101,418,396,619,187,615,188,448,336,636,169,527,257,412,393,0,0,0,0,0,0,0,0,
,0023,NOG004,578,540,0,0,3,0,145,0,2,0,20,0,0,0,0,0,0,356,0,122,387,107,0,10,0,391,0,8,0,15,115,396,407,52,37,60,403,40,150,371,0,155,367,0,0,0,0,0,0,0,0,0,0,0,0,0,0,133,384,475,408,107,415,0,0,0,0,0,0,0,0,0,0,0,407,69,393,84,407,73,394,81,407,73,404,76,381,96,397,76,405,69,391,74,398,75,377,95,402,73,398,72,0,0,0,0,0,0,389,80,260,261,402,109,393,118,303,204,429,90,347,154,271,244,0,0,0,0,0,0,0,0,
,0024,NOG005,939,860,2,0,2,0,255,0,5,0,11,0,0,0,3,0,0,569,0,214,595,163,0,19,0,641,0,12,0,29,226,585,646,91,43,103,620,66,228,605,0,269,561,0,0,0,0,0,0,0,0,0,0,0,0,0,0,207,620,758,624,180,642,0,0,0,0,0,0,0,0,0,0,0,622,126,596,146,626,126,601,137,622,126,615,132,588,154,607,127,628,116,598,121,597,127,584,147,607,125,599,126,0,0,0,0,0,0,591,134,472,350,658,153,653,167,463,325,663,160,531,258,412,401,0,0,0,0,0,0,0,0,
,0025,NOG006,847,765,2,0,5,0,249,0,4,0,26,0,0,0,1,0,0,470,0,229,486,177,0,16,0,506,0,18,0,35,218,483,542,78,68,62,534,91,258,470,0,244,481,0,0,0,0,0,0,0,0,0,0,0,0,0,0,211,505,627,523,192,503,0,0,0,0,0,0,0,0,0,0,0,532,106,515,121,549,86,510,121,548,85,542,92,494,142,535,95,550,79,522,98,530,93,528,97,513,112,524,97,0,0,0,0,0,0,521,101,392,321,576,126,556,149,432,251,581,129,465,220,427,283,0,0,0,0,0,0,0,0,
,0026,NOG007,762,710,1,0,3,0,205,0,4,0,20,0,4,0,0,0,0,445,0,177,472,142,0,10,0,496,0,26,0,43,166,467,506,75,53,74,491,79,211,455,0,234,449,0,0,0,0,0,0,0,0,0,0,0,0,0,0,188,473,597,495,159,503,0,0,0,0,0,0,0,0,0,0,0,502,98,491,101,501,98,496,101,510,89,504,92,474,124,494,103,501,96,478,107,484,104,490,106,495,100,485,104,0,0,0,0,0,0,489,102,338,337,493,153,529,138,367,267,541,125,403,229,350,310,0,0,0,0,0,0,0,0,
,0027,NOG008,992,897,2,0,6,0,273,0,3,0,25,0,0,0,2,0,2,566,0,231,629,182,0,14,0,637,0,29,0,42,221,607,646,84,90,82,630,115,247,625,0,302,569,0,0,0,0,0,0,0,0,0,0,0,0,0,0,234,629,784,656,193,654,0,0,0,0,0,0,0,0,0,0,0,635,163,596,192,638,160,619,170,644,150,625,163,592,200,633,154,653,139,614,160,625,157,615,175,633,152,625,158,0,0,0,0,0,0,618,159,481,380,676,179,672,184,490,341,682,181,539,291,407,453,0,0,0,0,0,0,0,0,
,0028,NOG009,1110,1031,0,0,3,0,307,0,5,0,25,0,4,0,4,0,0,663,0,255,710,219,0,16,0,727,0,21,0,46,241,705,744,108,76,98,729,111,302,674,0,307,672,0,0,0,0,0,0,0,0,0,0,0,0,0,0,255,710,871,734,219,728,0,0,0,0,0,0,0,0,0,0,0,757,117,724,141,761,108,740,123,765,103,745,115,700,163,737,121,762,96,727,120,741,113,725,133,732,118,736,121,0,0,0,0,0,0,730,122,530,446,784,168,766,200,579,348,766,207,644,277,516,449,0,0,0,0,0,0,0,0,
,0029,NOG010,1100,1011,2,0,3,0,262,0,1,0,32,0,3,0,2,0,0,682,0,236,717,219,0,16,0,695,0,31,0,48,237,692,731,96,73,64,729,106,238,737,0,289,675,0,0,0,0,0,0,0,0,0,0,0,0,0,0,224,717,844,738,200,736,0,0,0,0,0,0,0,0,0,0,0,745,109,717,129,743,105,721,125,743,102,740,102,690,157,724,112,740,99,724,100,723,105,715,115,728,103,732,95,0,0,0,0,0,0,718,108,547,424,732,205,747,192,549,361,732,209,644,267,503,442,0,0,0,0,0,0,0,0,
,0030,NOG011,930,864,1,0,7,0,288,0,7,0,29,0,1,0,1,0,0,500,0,228,583,221,0,11,0,573,0,31,0,55,230,545,605,89,74,86,595,87,276,553,0,290,541,0,0,0,0,0,0,0,0,0,0,0,0,0,0,244,563,726,590,211,593,0,0,0,0,0,0,0,0,0,0,0,628,91,590,122,635,86,614,101,637,85,628,88,565,152,624,90,639,79,610,93,616,91,599,111,618,92,613,89,0,0,0,0,0,0,609,99,471,344,653,141,666,144,502,286,600,217,564,218,403,416,0,0,0,0,0,0,0,0,
,0031,NOG012,977,913,1,0,2,0,303,0,4,0,23,0,1,0,4,0,0,561,0,260,605,228,0,11,0,588,0,33,0,50,264,573,653,115,76,92,645,103,309,576,0,302,580,0,0,0,0,0,0,0,0,0,0,0,0,0,0,264,605,784,627,228,638,0,0,0,0,0,0,0,0,0,0,0,672,127,650,146,691,114,655,140,686,114,667,128,639,158,662,127,674,118,653,126,647,134,643,148,642,139,652,127,0,0,0,0,0,0,658,120,487,391,648,209,669,196,480,367,689,186,528,313,451,422,0,0,0,0,0,0,0,0,
,0032,NOG013,1085,1015,1,0,2,0,332,0,0,0,24,0,1,0,2,0,1,620,0,305,636,266,0,10,0,655,0,26,0,42,302,623,705,107,82,75,698,124,332,635,0,343,622,0,0,0,0,0,0,0,0,0,0,0,0,0,0,311,651,843,682,269,681,0,0,0,0,0,0,0,0,0,0,0,708,156,661,191,723,137,703,151,712,145,707,148,649,208,690,162,724,130,685,156,697,147,685,157,690,156,690,154,0,0,0,0,0,0,679,162,521,440,765,180,782,175,543,374,730,232,651,271,521,436,0,0,0,0,0,0,0,0,
,0033,OGD001,855,695,4,0,6,0,348,0,2,0,9,0,0,0,6,0,0,312,0,319,324,284,0,14,0,339,0,26,0,57,287,323,390,131,91,109,373,141,346,306,0,304,349,0,0,0,0,0,0,0,0,0,0,0,0,0,0,317,340,566,352,297,348,0,0,593,0,0,0,0,0,0,0,0,501,120,484,131,520,97,486,125,522,93,504,101,465,141,498,106,509,100,489,114,495,104,511,94,483,112,491,109,0,0,466,137,492,113,490,113,361,281,527,124,498,159,366,271,556,105,395,242,431,220,0,0,0,0,0,0,0,0,
,0034,OGD002,1157,1005,1,0,0,0,430,0,4,0,24,0,2,0,8,0,1,522,0,404,526,359,0,17,0,544,0,38,0,52,373,538,620,149,118,124,598,178,431,519,0,386,564,0,0,0,0,0,0,0,0,0,0,0,0,0,0,405,535,810,574,360,567,0,0,804,0,0,0,0,0,0,0,0,687,162,665,177,697,144,673,170,703,141,678,139,615,198,660,160,679,143,656,152,663,153,667,154,663,153,658,156,0,0,637,179,655,163,658,155,490,433,748,169,719,197,537,356,751,184,557,333,564,352,0,0,0,0,0,0,0,0,
,0035,OGD003,809,699,4,0,4,0,291,0,2,0,26,0,2,0,3,0,1,359,0,274,375,268,0,13,0,371,0,31,0,59,248,362,411,109,92,86,400,134,303,355,0,273,387,0,0,0,0,0,0,0,0,0,0,0,0,0,0,272,383,555,407,245,392,0,0,577,0,0,0,0,0,0,0,0,447,143,442,141,477,114,455,134,474,117,456,129,415,162,443,138,469,117,441,135,448,129,459,123,446,131,441,134,0,0,427,150,451,125,437,138,362,284,507,135,495,147,367,255,512,143,391,230,393,253,0,0,0,0,0,0,0,0,
,0036,OGD004,1006,789,4,0,1,0,401,0,5,0,12,0,1,0,6,0,1,350,0,383,357,360,0,19,0,350,0,27,0,72,359,327,423,146,128,104,412,191,411,339,0,379,366,0,0,0,0,0,0,0,0,0,0,0,0,0,0,383,364,651,376,363,389,0,0,678,0,0,0,0,0,0,0,0,566,134,525,173,576,124,548,147,574,128,566,128,517,177,541,155,572,124,551,139,552,139,563,132,535,151,542,146,0,0,523,164,551,138,538,147,449,273,616,122,602,137,474,250,581,157,474,250,506,224,0,0,0,0,0,0,0,0,
,0037,OGD005,856,733,5,0,7,0,339,0,3,0,29,0,1,0,8,0,0,334,0,328,366,286,0,13,0,356,0,37,0,82,293,338,430,134,98,102,391,179,360,347,0,331,376,0,0,0,0,0,0,0,0,0,0,0,0,0,0,332,374,616,414,298,398,0,0,630,0,0,0,0,0,0,0,0,496,169,460,198,508,151,480,181,513,149,490,155,445,200,475,171,505,139,473,167,472,171,489,157,463,182,475,165,0,0,461,186,474,171,466,176,395,281,527,154,535,149,360,314,550,139,442,226,422,263,0,0,0,0,0,0,0,0,
,0038,OGD006,630,561,0,0,2,0,250,0,3,0,10,0,0,0,1,0,0,289,0,221,309,203,0,11,0,296,0,25,0,47,223,271,324,94,74,91,309,106,247,288,0,222,316,0,0,0,0,0,0,0,0,0,0,0,0,0,0,238,288,465,327,201,312,0,0,0,0,0,0,0,0,0,0,0,368,110,342,130,376,99,350,118,363,109,370,103,338,137,360,111,379,96,352,108,351,115,377,94,348,121,347,117,0,0,339,127,371,99,360,109,305,223,407,108,424,107,282,230,445,95,325,184,311,220,0,0,0,0,0,0,0,0,
,0039,OGD007,541,477,1,0,0,0,237,0,2,0,22,0,1,0,5,0,0,207,0,218,228,197,0,6,0,240,0,18,0,33,198,226,286,92,51,64,265,105,235,218,0,214,241,0,0,0,0,0,0,0,0,0,0,0,0,0,0,220,236,387,252,197,252,0,0,0,0,0,0,0,0,0,0,0,316,100,300,113,321,95,308,106,328,88,319,93,277,141,317,99,336,81,310,98,317,92,313,102,318,94,309,103,0,0,297,113,323,92,313,96,279,172,363,82,363,90,265,179,351,104,294,145,281,173,0,0,0,0,0,0,0,0,
,0040,OGD008,859,690,0,0,4,0,323,0,5,0,17,0,1,0,9,0,0,327,0,302,342,286,0,14,0,334,0,27,0,43,276,344,388,123,99,85,381,160,326,331,0,0,0,345,313,0,0,0,0,0,0,0,0,0,0,0,0,303,354,546,364,287,367,0,0,0,0,0,0,0,0,0,0,0,481,118,453,139,491,105,459,133,482,113,491,103,444,158,468,118,485,107,457,124,456,126,465,121,459,130,454,129,0,0,453,134,455,128,456,121,361,277,509,116,504,137,354,261,504,141,396,224,415,230,0,0,0,0,0,0,0,0,
,0041,OGD009,765,668,3,0,3,0,333,0,4,0,16,0,2,0,1,0,0,295,0,298,335,260,0,8,0,346,0,29,0,44,290,314,400,103,99,81,386,138,338,303,0,309,334,0,0,0,0,0,0,0,0,0,0,0,0,0,0,318,316,531,370,263,344,0,0,0,0,0,0,0,0,0,0,0,473,106,433,144,477,100,456,120,472,101,467,106,430,151,471,97,478,93,452,107,469,97,474,96,451,118,465,102,0,0,445,122,456,111,452,107,402,241,527,100,525,115,382,243,488,152,404,210,375,270,0,0,0,0,0,0,0,0,
,0042,OGD010,812,675,1,0,1,0,324,0,2,0,24,0,4,0,6,0,0,303,0,331,310,275,0,6,0,340,0,27,0,56,285,313,369,116,115,93,374,140,355,293,0,0,0,325,326,0,0,0,0,0,0,0,0,0,0,0,0,324,317,531,352,284,346,0,0,0,0,0,0,0,0,0,0,0,437,144,403,172,447,135,417,158,437,140,440,142,396,183,438,140,444,134,423,143,435,137,439,143,426,155,432,144,0,0,412,170,433,141,429,139,363,272,499,127,522,117,344,275,499,136,384,224,414,223,0,0,0,0,0,0,0,0,
,0043,OGD011,736,638,1,0,3,0,295,0,2,0,25,0,1,0,7,0,0,286,0,273,331,233,0,13,0,343,0,22,0,51,254,311,390,102,81,79,375,119,309,305,0,0,0,326,289,0,0,0,0,0,0,0,0,0,0,0,0,260,353,521,374,233,365,0,0,0,0,0,0,0,0,0,0,0,439,122,412,149,450,114,426,134,454,110,444,122,391,172,434,119,459,95,426,119,434,114,432,120,429,119,427,122,0,0,386,161,433,120,411,133,386,221,495,107,494,113,347,244,462,149,405,178,372,238,0,0,0,0,0,0,0,0,
,0044,OGD012,585,538,1,0,2,0,245,0,2,0,20,0,0,0,2,0,1,259,0,220,287,210,0,11,0,270,0,30,0,40,225,255,333,75,87,58,314,121,246,271,0,0,0,277,235,0,0,0,0,0,0,0,0,0,0,0,0,215,295,439,312,199,303,0,0,0,0,0,0,0,0,0,0,0,377,93,341,125,385,85,364,101,386,82,369,96,323,144,368,97,393,77,366,93,364,101,367,104,369,97,366,95,0,0,345,120,383,83,358,102,308,214,406,109,409,108,283,221,406,112,311,190,287,226,0,0,0,0,0,0,0,0,
,0045,OGD013,907,771,4,0,1,0,389,0,4,0,27,0,4,0,9,0,0,319,0,373,341,328,0,18,0,347,0,36,0,66,338,332,393,133,130,109,392,158,421,313,0,0,0,332,392,0,0,0,0,0,0,0,0,0,0,0,0,370,348,594,396,317,385,0,0,0,0,0,0,0,617,0,0,0,491,158,468,174,510,137,477,170,510,138,485,146,434,194,477,154,496,134,468,158,474,152,473,156,463,165,471,151,0,0,450,177,450,176,474,150,455,254,574,134,565,143,408,274,546,173,444,244,432,289,0,0,0,0,0,0,0,0,
,0046,OGD014,1001,872,2,0,1,0,439,0,0,0,20,0,2,0,6,0,0,392,0,404,415,372,0,9,0,415,0,39,0,71,383,381,497,137,118,99,475,187,432,395,0,0,0,404,422,0,0,0,0,0,0,0,0,0,0,0,0,400,426,687,457,363,448,0,0,0,0,0,0,0,0,0,0,0,572,171,538,200,597,145,555,181,589,154,587,153,534,203,577,157,604,135,552,171,572,162,585,154,573,164,568,160,0,0,522,202,573,162,556,167,520,306,625,176,653,163,477,307,597,222,512,279,496,324,0,0,0,0,0,0,0,0,
,0047,OGD015,1008,833,6,0,4,0,496,0,2,0,15,0,2,0,10,0,1,282,0,469,298,440,0,18,0,294,0,36,0,77,435,276,360,161,170,102,352,243,508,276,0,0,0,0,0,501,280,0,0,0,0,0,0,0,0,0,0,478,297,588,330,441,341,0,0,0,0,0,0,0,627,0,0,0,493,185,468,206,520,160,480,197,520,159,510,160,434,233,497,173,517,153,487,174,487,177,509,160,475,188,483,181,0,0,469,198,497,169,499,164,517,260,596,153,629,146,456,283,545,221,500,235,503,271,0,0,0,0,0,0,0,0,
,0048,OGD016,678,528,2,0,2,0,294,0,1,0,15,0,0,0,3,0,1,203,0,289,211,280,0,10,0,203,0,16,0,53,257,200,274,98,88,77,256,134,316,190,0,0,0,217,287,0,0,0,0,0,0,0,0,0,0,0,0,281,224,417,229,269,229,0,0,0,0,0,0,0,448,0,0,0,364,102,335,125,377,89,362,104,382,84,374,87,346,111,363,93,374,81,358,94,355,95,373,85,361,97,360,94,0,0,357,100,357,98,361,96,302,183,394,94,395,100,300,181,392,103,320,165,332,161,0,0,0,0,0,0,0,0,
,0049,OGD017,901,722,0,0,3,0,395,0,4,0,25,0,1,0,4,0,2,279,0,387,292,338,0,11,0,295,0,38,0,70,348,285,378,150,121,122,359,170,418,282,0,0,0,299,397,0,0,0,0,0,0,0,0,0,0,0,0,382,312,580,337,348,321,0,0,0,0,0,0,0,602,0,0,0,483,151,467,163,518,114,483,148,504,130,492,124,441,177,474,144,504,115,475,138,474,142,506,111,476,145,461,153,0,0,464,153,474,148,460,150,404,254,548,112,537,132,400,254,528,141,411,242,445,233,0,0,0,0,0,0,0,0,
,0050,OGD018,1059,892,4,0,3,0,426,0,6,0,19,0,1,0,6,0,2,422,0,410,434,353,0,18,0,448,0,39,0,62,370,432,510,158,132,121,484,203,435,417,0,0,0,438,415,0,0,0,0,0,0,0,0,0,0,0,0,406,444,716,488,355,466,0,0,0,0,0,0,0,729,0,0,0,622,152,579,190,628,140,599,170,636,136,625,130,550,199,600,151,629,125,590,156,602,147,607,143,593,154,596,150,0,0,564,183,591,156,590,153,461,351,631,179,630,190,506,300,645,186,516,292,506,315,0,0,0,0,0,0,0,0,
,0051,OGD019,265,225,1,0,1,0,88,0,0,0,4,0,0,0,1,0,0,126,0,78,127,74,0,10,0,119,0,11,0,14,81,118,138,28,26,26,138,30,89,119,0,0,0,0,0,0,0,0,0,0,0,0,0,82,115,11,0,80,129,179,137,70,136,0,0,0,0,0,0,0,182,0,0,0,147,46,124,70,143,53,136,59,145,51,133,57,125,64,131,54,142,47,134,52,131,57,131,58,133,54,139,49,0,0,128,59,136,51,134,51,102,103,167,36,159,47,121,80,155,52,129,68,126,76,0,0,0,0,0,0,0,0,
,0052,OGD020,441,329,0,0,1,0,183,0,1,0,11,0,0,0,6,0,0,124,0,172,132,158,0,3,0,137,0,12,0,31,157,131,159,71,49,58,146,84,0,0,243,0,0,0,0,178,133,0,0,0,0,0,0,0,0,0,0,180,132,245,146,163,153,0,0,0,200,80,0,0,0,0,0,0,205,70,195,80,210,65,196,80,212,64,196,68,178,85,193,74,205,62,187,77,199,67,201,68,182,84,191,74,0,0,190,75,195,71,191,75,182,112,226,78,223,76,155,140,249,55,176,115,213,90,0,0,0,0,0,0,0,0,
,0053,OGD021,774,646,1,0,8,0,361,0,5,0,14,0,1,0,0,0,0,242,0,318,288,293,0,9,0,295,0,29,0,55,312,261,325,118,111,97,323,151,0,0,0,0,0,0,0,348,266,0,0,0,0,0,0,0,0,0,0,328,283,481,297,301,295,0,0,0,381,184,0,0,0,0,0,0,405,151,389,163,430,124,400,153,422,128,412,127,373,160,400,137,420,121,404,130,399,136,414,124,396,139,396,139,0,0,375,157,391,147,391,146,391,200,482,111,488,120,378,208,432,167,388,193,389,214,0,0,0,0,0,0,0,0,
,0054,OGD022,916,718,2,0,8,0,392,0,0,0,22,0,1,0,4,0,2,280,0,397,287,350,0,21,0,278,0,48,0,109,315,278,327,162,167,116,307,237,421,274,0,0,0,0,0,411,280,0,0,0,0,0,0,0,0,0,0,391,303,550,317,361,314,0,0,0,466,174,0,0,0,0,0,0,455,184,414,216,480,154,437,196,486,152,483,150,403,223,460,164,489,139,445,173,451,166,482,150,437,187,448,173,0,0,426,196,470,158,454,168,404,276,547,125,527,144,367,299,499,182,394,265,419,258,0,0,0,0,0,0,0,0,
,0055,OGD023,1005,873,0,0,5,0,419,0,7,0,37,0,3,0,10,0,1,371,0,422,409,377,0,13,0,397,0,44,0,87,389,369,469,137,138,102,437,208,452,378,0,0,0,393,435,0,0,0,0,0,0,0,0,0,0,0,0,412,412,669,452,362,425,0,0,0,599,178,0,0,0,0,0,0,563,168,511,210,590,138,541,181,588,140,565,145,465,245,552,157,582,135,545,162,554,156,542,176,533,180,558,151,0,0,502,208,563,154,534,174,515,299,644,167,656,166,468,315,609,220,489,292,495,329,0,0,0,0,0,0,0,0,
,0056,OGD024,838,765,0,0,4,0,428,0,4,0,19,0,0,0,13,0,0,286,0,381,335,358,0,11,0,330,0,30,0,57,387,295,389,121,150,91,392,179,445,289,0,0,0,300,436,0,0,0,0,0,0,0,0,0,0,0,0,408,318,553,351,364,355,0,0,0,485,195,0,0,0,0,0,0,467,156,444,177,498,128,458,155,501,122,501,116,415,198,465,155,496,124,465,145,466,144,476,140,467,146,465,147,0,0,434,175,472,139,439,162,515,202,574,140,599,121,400,290,488,231,479,205,388,331,0,0,0,0,0,0,0,0,
,0057,OGD025,980,917,4,0,4,0,534,0,1,0,29,0,1,0,7,0,3,316,0,480,381,464,0,13,0,360,0,33,0,68,476,327,474,126,170,105,493,174,546,333,0,0,0,366,506,0,0,0,0,0,0,0,0,0,0,0,0,490,374,660,417,417,421,0,0,0,563,232,0,0,0,0,0,0,579,164,519,214,590,151,555,174,595,145,590,148,482,248,562,176,597,140,562,164,560,171,565,170,561,170,557,170,0,0,520,208,580,157,538,182,606,250,688,162,720,146,521,309,562,301,545,279,477,387,0,0,0,0,0,0,0,0,
,0058,OGD026,671,557,3,0,2,0,314,0,1,0,21,0,2,0,5,0,1,199,0,299,221,269,0,12,0,210,0,37,0,57,275,206,268,96,119,82,261,156,0,0,0,0,0,0,0,323,212,0,0,0,0,0,0,0,0,0,0,312,221,404,254,263,241,0,0,0,0,0,0,0,0,0,0,0,359,130,333,154,375,113,349,131,369,122,365,122,323,167,352,128,368,114,341,132,357,116,350,131,343,132,355,120,0,0,336,142,357,119,344,131,336,191,401,112,414,106,329,175,377,149,291,216,332,196,0,0,0,0,0,0,0,0,
,0059,OGD027,832,630,4,0,3,0,394,0,2,0,13,0,1,0,4,0,0,203,0,374,218,331,0,10,0,228,0,36,0,59,340,210,273,124,144,85,255,205,0,0,0,0,0,0,0,374,220,0,0,0,0,0,0,0,0,0,0,375,225,440,239,351,246,0,0,0,0,0,0,0,0,0,0,0,375,159,351,173,400,126,375,150,399,125,396,131,329,198,377,133,397,116,354,143,363,142,371,145,364,145,360,140,0,0,338,164,369,141,348,153,402,188,446,121,484,103,365,192,413,170,392,173,424,160,0,0,0,0,0,0,0,0,
,0060,OGD028,660,548,2,0,8,0,317,0,3,0,22,0,3,0,1,0,0,183,0,301,210,271,0,11,0,214,0,27,0,50,280,202,267,124,97,95,233,164,0,0,0,0,0,0,0,335,187,0,0,0,0,0,0,0,0,0,0,310,214,417,238,278,221,0,0,0,0,0,0,0,0,0,0,0,363,122,319,157,368,114,350,131,372,109,363,119,311,171,359,119,374,107,337,135,351,122,350,126,354,122,352,122,0,0,325,147,362,115,352,123,344,177,393,114,408,107,286,210,370,142,321,177,307,209,0,0,0,0,0,0,0,0,
,0061,OGD029,674,567,0,0,2,0,313,0,4,0,20,0,2,0,6,0,0,218,0,304,226,276,0,4,0,220,0,36,0,52,275,214,291,89,111,75,268,154,0,0,0,0,0,0,0,0,0,313,223,0,0,0,0,0,0,0,0,297,240,415,247,281,255,0,0,0,0,0,0,0,0,0,0,0,365,124,338,148,382,109,345,138,373,115,367,121,310,180,355,129,369,111,347,128,346,131,349,133,351,126,345,131,0,0,325,154,360,121,339,135,337,195,417,107,423,107,311,201,382,147,309,204,316,212,0,0,0,0,0,0,0,0,
,0062,OGD030,747,606,1,0,4,0,348,0,5,0,28,0,2,0,3,0,1,209,0,355,221,314,0,18,0,215,0,38,0,73,307,204,284,138,100,101,270,163,0,0,0,0,0,0,0,0,0,340,241,0,0,0,0,0,0,0,0,336,241,445,266,300,259,0,0,0,0,0,0,0,0,0,0,0,381,142,349,168,393,130,366,154,384,135,377,144,343,176,367,147,386,128,372,140,366,140,367,146,363,142,364,145,0,0,346,163,379,134,363,140,372,194,439,114,457,110,344,197,416,146,368,174,384,185,0,0,0,0,0,0,0,0,
,0063,OGD031,759,563,2,0,8,0,347,0,1,0,12,0,1,0,4,0,0,177,0,340,197,310,0,9,0,187,0,29,0,60,309,181,229,130,116,100,233,158,0,0,0,0,0,0,0,0,0,344,195,0,0,0,0,0,0,0,0,354,188,405,210,325,212,153,339,0,0,0,0,0,0,0,0,0,325,154,302,172,348,131,292,183,347,132,337,128,294,167,318,146,346,122,308,154,311,148,361,112,305,158,313,147,0,0,306,154,308,157,306,151,322,189,402,114,418,102,307,194,398,118,320,185,377,138,0,0,0,0,0,0,0,0,
,0064,OGD032,920,769,4,0,3,0,384,0,2,0,41,0,2,0,8,0,2,319,0,394,339,335,0,19,0,333,0,52,0,81,326,334,385,127,155,108,378,198,0,0,0,0,0,0,0,0,0,381,352,0,0,0,0,0,0,0,0,380,350,585,382,341,381,366,327,0,0,0,0,0,0,0,0,0,468,196,435,222,478,179,450,206,485,176,468,182,381,265,448,194,469,176,440,196,448,190,465,182,460,182,449,188,0,0,417,228,459,184,441,201,434,281,564,144,570,156,440,254,573,147,480,219,462,257,0,0,0,0,0,0,0,0,
,0065,OGD033,622,516,2,0,3,0,249,0,1,0,20,0,2,0,3,0,0,226,0,245,243,219,0,6,0,248,0,25,0,58,212,228,285,89,86,73,259,126,0,0,0,0,0,0,0,0,0,262,234,0,0,0,0,0,0,0,0,247,244,416,258,229,255,242,215,0,0,0,0,0,0,0,0,0,334,108,307,133,352,90,331,107,353,89,332,96,281,147,326,103,348,84,324,106,323,106,330,102,320,111,329,101,0,0,296,133,323,104,308,116,288,185,394,79,392,88,282,174,375,105,305,155,297,183,0,0,0,0,0,0,0,0,
,0066,OGD034,761,619,1,0,2,0,314,0,4,0,28,0,0,0,5,0,0,257,0,320,264,261,0,14,0,276,0,38,0,83,258,256,321,129,102,86,322,156,0,0,0,0,0,0,0,0,0,324,266,0,0,0,0,0,0,0,0,299,284,490,301,280,295,293,276,0,0,0,0,0,0,0,0,0,411,137,395,150,431,115,408,136,430,114,411,116,367,159,405,123,418,108,397,123,401,123,411,119,399,132,405,117,0,0,396,132,417,115,391,129,374,197,469,102,465,108,347,217,453,125,381,180,365,210,0,0,0,0,0,0,0,0,
,0067,OGD035,734,628,2,0,3,0,279,0,3,0,22,0,2,0,2,0,0,307,0,251,334,217,0,14,0,339,0,28,0,45,246,315,372,86,96,64,376,127,0,0,0,0,0,0,0,0,0,283,316,0,0,0,0,0,0,0,0,257,336,512,351,232,355,324,242,0,0,0,0,0,0,0,0,0,431,104,399,135,434,104,419,113,441,97,422,102,368,154,410,115,435,94,416,104,413,105,418,111,408,115,415,102,0,0,404,123,421,107,412,107,361,234,454,128,473,122,354,217,458,134,375,200,359,229,0,0,0,0,0,0,0,0,
,0068,OGD036,890,813,1,0,5,0,375,0,5,0,23,0,1,0,2,0,1,383,0,319,443,319,0,14,0,406,0,16,0,46,337,402,497,111,108,98,486,139,0,0,0,0,0,0,0,0,0,371,409,0,0,0,0,0,0,0,0,343,425,651,470,291,466,0,0,0,0,0,363,357,0,0,0,0,538,139,503,170,546,128,526,148,557,121,534,125,471,187,520,143,560,110,521,137,531,129,515,147,533,131,522,131,0,0,496,166,547,132,512,143,495,246,611,135,624,122,475,260,550,198,509,214,449,302,0,0,0,0,0,0,0,0,
,0069,OGD037,538,487,2,0,0,0,287,0,1,0,13,0,1,0,4,0,0,174,0,259,211,240,0,2,0,215,0,9,0,30,260,186,269,59,109,44,288,85,0,0,0,0,0,190,280,0,0,0,0,0,0,0,0,0,0,0,0,273,195,377,226,232,242,0,0,0,0,0,193,255,0,0,0,0,327,87,310,103,342,74,326,87,337,79,334,83,293,120,331,85,351,71,326,85,336,74,332,85,328,84,331,80,0,0,312,100,336,79,318,85,346,126,377,91,419,50,291,162,297,173,332,122,214,256,0,0,0,0,0,0,0,0,
,0070,OGD038,961,852,1,0,2,0,511,0,3,0,26,0,2,0,4,0,0,290,0,451,344,405,0,3,0,359,0,36,0,56,442,318,441,116,172,90,441,180,0,0,0,0,0,0,0,0,0,486,328,0,0,0,0,0,0,0,0,465,338,640,384,403,393,0,0,0,0,0,376,378,0,0,0,0,548,160,510,200,587,125,546,161,585,129,563,133,476,221,546,156,579,122,532,161,542,148,539,158,532,167,537,152,0,0,507,194,551,150,528,165,564,234,643,132,693,117,492,284,504,290,501,273,475,329,0,0,0,0,0,0,0,0,
,0071,OGD039,611,585,1,0,4,0,306,0,0,0,8,0,1,0,0,0,1,256,0,264,294,245,0,4,0,294,0,14,0,16,286,267,361,55,80,47,364,89,0,0,0,0,0,289,276,0,0,0,0,0,0,0,0,0,0,0,0,308,264,460,318,232,324,0,0,0,0,0,198,348,0,0,0,0,396,111,382,122,425,84,401,102,415,91,412,83,362,128,384,113,421,82,377,110,388,100,403,91,382,106,382,108,0,0,377,112,406,89,368,121,377,174,465,82,485,63,328,197,361,185,372,156,286,263,0,0,0,0,0,0,0,0,
,0072,OGD040,633,565,1,0,2,0,288,0,0,0,4,0,1,0,4,0,0,255,0,231,304,234,0,2,0,279,0,18,0,21,270,248,339,63,85,72,342,67,0,0,0,0,0,0,0,0,0,292,247,0,0,0,0,0,0,0,0,269,268,445,307,223,310,0,0,0,0,0,363,156,0,0,0,0,396,79,376,101,408,71,390,84,407,68,416,63,359,113,385,87,415,63,387,79,394,74,390,87,399,76,386,83,0,0,379,98,411,67,382,87,359,167,429,99,470,61,334,183,370,165,368,144,298,232,0,0,0,0,0,0,0,0,
,0073,OGD041,416,380,1,0,3,0,181,0,5,0,12,0,0,0,2,0,0,163,0,161,192,137,0,4,0,181,0,16,0,22,169,165,222,44,52,22,227,66,0,0,0,0,0,0,0,0,0,192,159,0,0,0,0,0,0,0,0,162,178,280,193,142,204,0,0,0,0,0,164,169,0,0,0,0,238,57,217,78,244,50,238,57,247,49,240,50,197,91,237,57,251,41,241,47,243,46,232,58,241,51,239,48,0,0,211,76,243,49,229,53,242,99,274,62,300,40,215,109,237,97,225,99,182,157,0,0,0,0,0,0,0,0,
,0074,OGD042,706,651,1,0,3,0,317,0,0,0,17,0,0,0,2,0,1,297,0,271,346,268,0,5,0,318,0,14,0,22,284,318,396,72,107,46,407,111,0,0,0,0,0,0,0,0,0,319,307,0,0,0,0,0,0,0,0,273,349,498,367,238,367,0,0,0,0,0,307,280,0,0,0,0,439,102,403,130,460,80,424,110,455,83,443,86,374,146,420,106,448,84,411,103,423,96,424,97,420,100,417,103,0,0,391,132,438,91,403,110,424,182,476,121,513,95,361,227,388,222,405,174,318,291,0,0,0,0,0,0,0,0,
,0075,OGD043,873,817,0,0,2,0,374,0,1,0,13,0,0,0,2,0,0,407,0,298,466,298,0,5,0,456,0,24,0,39,315,439,531,75,100,69,525,125,0,0,0,0,0,0,0,0,0,370,413,0,0,0,0,0,0,0,0,303,479,653,483,283,483,0,0,0,0,0,364,364,0,0,0,0,574,123,561,131,587,104,560,127,589,103,573,105,526,149,570,108,581,102,564,114,567,109,551,124,553,123,559,116,0,0,548,130,578,102,556,119,486,281,632,130,658,105,508,238,578,185,536,203,433,326,0,0,0,0,0,0,0,0,
,0076,OGD044,781,751,1,0,3,0,323,0,1,0,10,0,1,0,3,0,1,390,0,267,452,265,0,4,0,438,0,9,0,20,285,432,527,65,80,58,536,83,0,0,0,0,0,0,0,0,0,331,394,0,0,0,0,0,0,0,0,290,425,623,480,223,485,0,0,0,0,0,352,322,0,0,0,0,563,83,533,107,584,62,566,77,585,62,565,69,500,132,555,77,579,54,547,82,559,78,531,102,556,80,543,88,0,0,523,113,563,77,548,83,483,223,590,119,616,100,432,261,501,209,524,164,355,351,0,0,0,0,0,0,0,0,
,0077,OGD045,739,695,0,0,4,0,270,0,1,0,12,0,0,0,1,0,0,398,0,237,425,212,0,3,0,434,0,18,0,24,254,405,488,83,62,58,496,84,0,0,0,0,0,0,0,0,0,327,350,0,0,0,0,0,0,0,0,235,442,590,445,211,442,0,0,0,0,0,262,370,0,0,0,0,526,93,506,110,530,88,524,93,531,86,518,86,471,132,517,90,526,82,512,85,513,88,492,114,518,92,515,87,0,0,506,101,534,81,498,96,410,246,524,131,552,116,397,250,469,194,460,182,348,314,0,0,0,0,0,0,0,0,
,0078,PLC001,1195,1122,0,0,5,0,199,0,1,0,15,0,1,0,1,0,0,886,0,176,890,148,0,27,0,867,0,23,0,36,181,873,904,91,39,79,892,68,0,0,997,0,0,0,0,0,0,0,0,0,0,0,0,166,882,18,0,178,900,1003,919,151,916,0,0,0,0,0,0,0,0,964,0,0,810,145,784,168,818,142,791,161,810,150,797,145,755,182,789,145,809,132,783,151,789,146,769,173,792,146,793,139,0,0,0,0,0,0,803,144,467,611,804,245,764,298,547,488,908,170,654,377,480,577,0,0,0,0,0,0,0,0,
,0079,PLC002,1667,1552,0,0,6,0,336,0,4,0,31,0,1,0,3,0,0,1148,0,322,1154,251,0,29,0,1150,0,40,0,76,306,1120,1222,134,79,103,1217,123,0,0,1365,0,0,0,0,0,0,0,0,0,0,0,0,289,1154,26,0,310,1172,1359,1239,240,1204,0,0,0,0,0,0,0,0,1339,0,0,1149,202,1109,236,1154,196,1108,237,1159,188,1108,207,1041,271,1088,226,1132,195,1089,216,1101,209,1070,250,1101,216,1099,209,0,0,0,0,0,0,1111,215,677,799,1116,326,1083,369,799,623,1239,235,933,481,726,735,0,0,0,0,0,0,0,0,
,0080,PLC003,451,448,1,0,0,0,92,0,2,0,10,0,0,0,1,0,0,336,0,87,331,74,0,1,0,342,0,13,0,20,98,315,345,33,23,33,336,38,0,0,386,0,0,0,0,0,0,0,0,0,0,0,0,86,318,10,0,77,346,387,376,50,356,0,0,0,0,0,0,0,0,390,0,0,330,53,332,51,338,46,322,60,340,46,332,48,320,54,338,36,344,35,329,42,330,43,323,54,322,54,317,52,0,0,0,0,0,0,340,39,184,237,299,109,296,120,225,182,365,57,246,154,213,208,0,0,0,0,0,0,0,0,
,0081,PLC004,1159,1070,6,0,6,0,188,0,2,0,17,0,2,0,1,0,0,830,0,178,851,162,0,18,0,818,0,27,0,42,177,822,853,94,57,81,848,82,0,0,947,0,0,0,0,0,0,0,0,0,0,0,0,167,834,24,0,184,851,966,914,115,881,0,0,0,0,0,0,0,0,929,0,0,819,130,792,151,830,116,810,132,827,121,795,134,746,180,802,124,819,110,789,133,798,126,777,151,790,136,799,121,0,0,0,0,0,0,800,131,434,582,770,229,703,299,540,446,866,150,611,374,491,519,0,0,0,0,0,0,0,0,
,0082,PLV001,1017,952,2,0,3,0,222,0,0,0,21,0,0,0,3,0,0,684,0,193,701,158,0,15,0,703,0,32,0,46,180,680,717,72,54,59,706,85,204,687,0,217,680,0,0,0,0,0,0,0,0,0,0,0,0,0,0,197,685,805,716,162,717,0,0,0,0,0,0,0,0,0,0,0,676,105,649,127,681,102,658,115,690,98,668,111,629,148,666,98,689,88,659,93,666,93,651,114,668,102,666,90,0,0,0,0,0,0,650,100,437,445,681,180,678,188,497,334,700,175,580,254,431,441,0,0,0,0,0,0,0,0,
,0083,PLV002,999,943,5,0,6,0,208,0,1,0,28,0,0,0,3,0,0,676,0,177,706,143,0,16,0,713,0,32,0,39,188,684,731,73,54,51,742,70,213,694,0,207,691,0,0,0,0,0,0,0,0,0,0,0,0,0,0,172,716,809,728,149,719,0,0,0,0,0,0,0,0,0,0,0,704,104,679,121,702,100,687,110,704,99,695,104,665,136,679,114,705,94,673,109,689,101,672,120,682,106,680,104,0,0,0,0,0,0,677,110,464,431,709,174,678,211,480,384,723,179,575,280,428,459,0,0,0,0,0,0,0,0,
,0084,PLV003,889,834,4,0,4,0,201,0,6,0,19,0,1,0,2,0,0,580,0,177,619,162,0,14,0,595,0,24,0,49,174,585,634,61,68,75,629,62,203,601,0,222,580,0,0,0,0,0,0,0,0,0,0,0,0,0,0,181,610,724,644,137,632,0,0,0,0,0,0,0,0,0,0,0,631,89,598,118,627,95,606,112,632,90,626,96,570,145,616,94,628,84,606,90,612,89,591,115,607,94,611,87,0,0,0,0,0,0,594,101,419,369,612,166,627,155,448,319,627,169,520,242,373,414,0,0,0,0,0,0,0,0,
,0085,PLV004,866,803,0,0,4,0,307,0,4,0,9,0,0,0,1,0,0,467,0,258,497,228,0,17,0,476,0,28,0,44,241,489,541,101,80,80,540,104,275,489,0,270,490,0,0,0,0,0,0,0,0,0,0,0,0,0,0,237,524,677,534,222,531,0,0,0,0,0,0,0,0,0,0,0,547,141,511,173,561,126,538,144,561,123,539,142,494,191,536,134,551,119,525,135,529,138,517,155,516,150,523,141,0,0,0,0,0,0,524,138,443,309,584,155,590,147,450,259,580,162,484,232,396,347,0,0,0,0,0,0,0,0,
,0086,PLV005,1604,1487,4,0,4,0,291,0,7,0,33,0,1,0,2,0,1,1104,0,237,1166,206,0,20,0,1148,0,34,0,59,236,1137,1173,116,85,97,1162,110,299,1126,0,0,0,0,0,0,0,0,0,0,0,0,0,208,1153,40,0,231,1175,1322,1184,203,1197,0,0,0,0,0,0,0,0,0,0,0,1105,163,1070,192,1115,147,1073,189,1116,148,1095,167,1040,222,1092,163,1122,143,1082,151,1090,152,1048,194,1083,160,1075,161,0,0,0,0,0,0,1081,154,673,723,1086,291,1043,335,802,533,1158,243,922,420,673,702,0,0,0,0,0,0,0,0,
,0087,PLV006,511,433,0,0,2,0,164,0,0,0,10,0,0,0,0,0,0,251,0,164,244,148,0,8,0,240,0,18,0,36,137,243,266,71,53,59,243,88,174,240,0,0,0,0,0,0,0,0,0,0,0,0,0,158,240,10,0,162,249,358,255,151,245,0,0,0,0,0,0,0,0,0,0,0,282,85,274,91,284,82,274,92,293,75,289,76,265,100,277,84,285,80,276,84,280,82,272,93,277,88,271,92,0,0,0,0,0,0,273,89,206,207,317,87,311,99,231,159,337,74,243,147,283,127,0,0,0,0,0,0,0,0,
,0088,RIV001,998,934,2,0,3,0,321,0,5,0,13,0,0,0,4,0,2,554,0,264,615,239,0,12,0,610,0,22,0,37,272,596,645,131,74,109,630,105,0,0,0,0,0,0,0,0,0,0,0,340,551,0,0,0,0,0,792,256,630,790,633,242,639,0,0,0,0,0,0,0,0,0,766,0,653,157,621,188,672,135,644,165,672,138,650,147,581,211,650,153,674,134,636,162,638,158,635,163,636,158,642,152,0,0,0,0,0,0,631,157,469,419,707,168,699,190,536,314,688,187,559,293,462,418,0,0,0,0,0,0,0,0,
,0089,RIV002,904,792,1,0,6,0,297,0,5,0,19,0,1,0,4,0,1,453,0,262,473,228,0,15,0,485,0,26,0,49,266,447,514,111,76,85,511,113,0,0,0,0,0,0,0,0,0,0,0,303,449,0,0,0,0,0,647,265,478,641,497,246,491,0,0,0,0,0,0,0,0,0,641,0,555,135,530,157,564,127,545,143,571,121,548,128,515,161,543,136,549,132,536,137,544,126,532,147,536,138,539,129,0,0,0,0,0,0,528,141,413,340,591,138,571,170,426,292,604,139,483,233,437,306,0,0,0,0,0,0,0,0,
,0090,RIV003,888,783,4,0,8,0,297,0,3,0,29,0,0,0,2,0,0,427,0,282,460,229,0,15,0,451,0,33,0,60,271,418,491,125,87,120,467,123,0,0,0,0,0,0,0,0,0,0,0,322,421,0,0,0,0,0,663,266,465,657,474,248,466,0,0,0,0,0,0,0,0,0,651,0,523,134,488,167,547,110,513,140,541,113,525,120,469,173,505,136,533,115,503,134,510,125,491,149,500,144,500,136,0,0,0,0,0,0,495,140,430,311,569,144,573,145,414,276,566,152,442,248,397,328,0,0,0,0,0,0,0,0,
,0091,RIV004,689,582,1,0,6,0,218,0,0,0,19,0,4,0,0,0,1,321,0,209,342,178,0,13,0,335,0,17,0,31,203,323,378,81,66,73,378,80,0,0,0,0,0,0,0,0,0,0,0,248,308,0,0,0,0,0,486,212,336,483,359,185,360,0,0,0,0,0,0,0,0,0,482,0,407,90,379,111,423,71,396,93,421,70,405,82,364,117,391,92,415,75,395,89,400,84,397,91,385,97,390,91,0,0,0,0,0,0,390,94,316,232,436,97,439,101,332,196,441,102,347,183,344,199,0,0,0,0,0,0,0,0,
,0092,RIV005,822,731,2,0,3,0,257,0,5,0,26,0,3,0,1,0,0,421,0,237,460,197,0,13,0,447,0,34,0,63,224,425,489,100,67,92,458,114,0,0,0,0,0,0,0,0,0,0,0,272,433,0,0,0,0,0,609,225,473,609,492,200,492,0,0,0,0,0,0,0,0,0,595,0,510,111,489,137,527,98,492,126,517,109,517,94,467,144,506,106,515,95,499,110,501,106,494,119,507,103,496,112,0,0,0,0,0,0,500,105,336,348,542,128,534,148,406,258,559,129,421,232,394,294,0,0,0,0,0,0,0,0,
,0093,ROY001,1245,1078,6,0,2,0,337,0,6,0,34,0,0,0,2,0,0,677,0,329,675,267,0,34,0,662,0,46,0,73,303,653,705,132,127,114,697,156,0,0,891,0,0,0,0,0,0,0,0,0,0,733,227,0,0,0,0,326,680,886,710,284,718,0,0,0,0,0,0,0,0,0,0,886,754,174,730,192,777,143,734,185,763,155,747,163,685,221,736,171,759,147,732,167,726,175,724,180,715,185,724,179,738,174,0,0,0,0,722,178,534,463,803,189,772,227,588,363,846,160,629,330,589,405,0,0,0,0,0,0,0,0,
,0094,ROY002,1083,944,0,0,1,0,296,0,4,0,14,0,1,0,5,0,1,601,0,292,588,217,0,24,0,622,0,21,0,45,272,588,630,109,108,110,626,117,0,0,786,0,0,0,0,0,0,0,0,0,0,644,212,0,0,0,0,276,604,785,619,259,646,0,0,0,0,0,0,0,0,0,0,805,668,148,636,177,665,145,657,152,671,141,664,140,603,197,645,154,665,138,645,143,634,158,627,174,634,155,645,148,656,148,0,0,0,0,636,156,479,412,709,175,663,221,501,357,735,160,573,293,477,411,0,0,0,0,0,0,0,0,
,0095,ROY003,832,753,1,0,5,0,262,0,4,0,19,0,3,0,7,0,0,435,0,256,465,218,0,13,0,467,0,22,0,60,228,446,477,104,121,94,486,128,0,0,639,0,0,0,0,0,0,0,0,0,0,504,202,0,0,0,0,260,467,645,477,243,489,0,0,0,0,0,0,0,0,0,0,644,535,137,518,154,557,117,523,149,553,122,536,132,495,174,530,138,549,122,532,129,535,127,533,137,534,132,534,133,545,125,0,0,0,0,544,123,398,330,577,146,530,190,390,317,579,147,430,278,379,332,0,0,0,0,0,0,0,0,
,0096,ROY004,1035,895,2,0,7,0,325,0,2,0,24,0,1,0,3,0,0,518,0,313,541,261,0,22,0,529,0,31,0,56,285,518,565,131,124,109,579,128,0,0,751,0,0,0,0,0,0,0,0,0,0,594,224,0,0,0,0,318,529,744,569,273,554,0,0,0,0,0,0,0,0,0,0,757,649,148,609,187,666,133,628,167,661,137,648,137,573,208,633,152,651,137,630,149,628,156,623,164,615,166,628,153,628,155,0,0,0,0,621,153,494,361,685,159,644,200,495,317,685,154,543,279,517,333,0,0,0,0,0,0,0,0,
,0097,ROY005,1157,1014,2,0,5,0,282,0,7,0,32,0,2,0,6,0,2,661,0,279,654,249,0,27,0,644,0,41,0,69,269,624,693,123,92,105,660,145,0,0,832,0,0,0,0,0,0,0,0,0,0,719,201,0,0,0,0,288,646,847,693,233,680,0,0,0,0,0,0,0,0,0,0,832,693,153,646,185,697,141,670,166,699,144,683,139,609,210,671,154,704,125,670,146,670,143,666,157,672,155,671,150,678,149,0,0,0,0,669,145,476,468,732,191,708,222,499,403,768,179,577,326,504,436,0,0,0,0,0,0,0,0,
,0098,ROY006,1257,1096,3,0,2,0,361,0,3,0,25,0,3,0,4,0,0,679,0,336,697,271,0,27,0,690,0,40,0,66,307,676,717,138,130,121,712,155,0,0,892,0,0,0,0,0,0,0,0,0,0,742,250,0,0,0,0,327,688,904,731,287,727,0,0,0,0,0,0,0,0,0,0,906,769,171,726,215,791,151,764,176,793,149,778,149,713,214,768,162,785,146,756,169,761,162,742,183,757,165,757,163,765,164,0,0,0,0,743,174,519,506,817,194,765,250,577,417,842,179,641,345,578,450,0,0,0,0,0,0,0,0,
,0099,ROY007,984,848,1,0,2,0,235,0,2,0,30,0,2,0,3,0,0,556,0,230,554,206,0,10,0,560,0,26,0,49,227,528,561,101,96,87,559,119,0,0,712,0,0,0,0,0,0,0,0,0,0,501,272,0,0,0,0,247,545,716,576,203,590,0,0,0,0,0,0,0,0,0,0,697,591,138,571,155,589,139,574,153,597,134,580,134,528,185,573,142,595,118,580,128,570,140,551,159,572,139,576,133,580,140,0,0,0,0,569,143,394,401,630,148,607,186,412,355,654,145,484,284,419,370,0,0,0,0,0,0,0,0,
,0100,ROY008,1144,976,3,0,3,0,346,0,5,0,32,0,1,0,2,0,0,567,0,332,583,301,0,15,0,582,0,23,0,66,314,563,636,139,113,116,635,143,0,0,815,0,0,0,0,337,597,0,0,0,0,0,0,0,0,0,0,342,585,814,607,312,625,0,0,0,0,0,0,0,0,0,0,820,695,157,654,195,703,147,660,187,698,153,683,161,599,245,667,177,696,150,669,171,675,167,667,180,670,169,671,175,678,166,0,0,0,0,669,168,484,439,730,185,704,221,511,381,766,166,560,334,526,381,0,0,0,0,0,0,0,0,
,0101,ROY009,838,753,4,0,4,0,264,0,2,0,10,0,2,0,8,0,1,450,0,244,467,213,0,14,0,468,0,20,0,35,239,455,499,97,82,71,505,108,0,0,638,0,0,0,0,257,463,0,0,0,0,0,0,0,0,0,0,248,468,630,496,217,491,0,0,0,0,0,0,0,0,0,0,0,545,122,521,142,561,108,536,129,555,113,545,119,515,151,542,118,555,106,543,112,538,114,521,138,537,118,534,121,550,113,0,0,0,0,527,123,390,319,579,126,545,170,398,298,581,133,451,246,381,328,0,0,0,0,0,0,0,0,
,0102,ROY010,1018,890,1,0,4,0,340,0,5,0,23,0,1,0,7,0,0,498,0,329,500,268,0,12,0,538,0,26,0,54,307,487,573,127,88,103,549,151,0,0,745,0,0,0,0,320,511,0,0,0,0,0,0,0,0,0,0,301,526,749,545,285,535,0,0,0,0,0,0,0,0,0,0,0,621,157,584,188,620,155,599,173,624,152,618,155,566,211,605,167,632,143,607,152,601,166,605,175,599,171,596,170,615,161,0,0,0,0,596,173,466,369,657,166,644,188,459,346,673,166,499,308,499,339,0,0,0,0,0,0,0,0,
,0103,ROY011,769,706,3,0,3,0,236,0,5,0,14,0,1,0,1,0,0,434,0,218,440,185,0,19,0,454,0,19,0,35,217,434,480,91,77,84,483,86,0,0,594,0,0,0,0,238,434,0,0,0,0,0,0,0,0,0,0,225,447,600,455,213,474,0,0,0,0,0,0,0,0,0,0,0,513,113,493,128,521,99,502,117,520,98,519,96,486,133,506,96,514,88,501,97,495,102,487,111,487,115,498,98,498,108,0,0,0,0,484,108,354,305,538,120,512,150,357,293,544,124,401,245,401,260,0,0,0,0,0,0,0,0,
,0104,ROY012,773,698,4,0,3,0,261,0,1,0,14,0,1,0,2,0,0,402,0,232,428,207,0,19,0,414,0,21,0,38,250,391,452,107,53,70,464,100,0,0,577,0,0,0,0,258,407,0,0,0,0,0,0,0,0,0,0,240,423,589,442,215,458,0,0,0,0,0,0,0,0,0,0,0,481,128,457,150,490,117,470,140,480,128,479,129,458,148,490,118,498,111,473,127,476,127,470,135,480,126,472,129,473,130,0,0,0,0,469,134,396,276,522,138,521,145,371,272,522,148,421,226,389,278,0,0,0,0,0,0,0,0,
,0105,ROY013,867,779,3,0,4,0,270,0,7,0,29,0,3,0,5,0,0,446,0,266,469,221,0,15,0,473,0,36,0,59,243,447,514,109,82,96,495,116,0,0,642,0,0,0,0,279,465,0,0,0,0,0,0,0,0,0,0,277,465,648,494,238,513,0,0,0,0,0,0,0,0,0,0,0,542,140,536,147,564,123,533,147,557,131,555,130,514,173,538,134,562,112,526,134,535,126,537,132,537,132,530,134,550,128,0,0,0,0,531,135,415,317,603,119,580,143,419,284,596,129,480,233,466,265,0,0,0,0,0,0,0,0,
,0106,ROY014,1078,944,0,0,3,0,352,0,5,0,25,0,3,0,4,0,0,537,0,322,568,283,0,11,0,566,0,34,0,56,301,558,631,123,93,106,606,139,0,0,795,0,0,0,0,346,556,0,0,0,0,0,0,0,0,0,0,321,573,804,594,290,614,0,0,0,0,0,0,0,0,0,0,0,667,149,625,174,674,136,637,162,662,139,665,139,613,188,650,147,673,128,640,143,653,140,649,148,655,143,648,146,655,143,0,0,0,0,638,150,493,407,721,166,695,194,519,333,734,163,555,303,562,329,0,0,0,0,0,0,0,0,
,0107,ROY015,739,619,3,0,6,0,216,0,6,0,18,0,0,0,7,0,1,355,0,220,354,198,0,22,0,328,0,40,0,37,197,355,373,101,68,73,351,131,0,0,503,0,0,0,0,0,0,0,0,0,0,403,152,0,0,0,0,211,364,504,384,187,383,0,0,0,0,0,0,0,0,0,0,0,417,125,386,150,428,110,399,140,420,117,412,126,374,165,409,126,418,116,398,130,397,134,399,135,391,143,398,134,408,124,0,0,0,0,410,121,304,275,446,124,423,143,319,241,477,99,351,204,341,233,0,0,0,0,0,0,0,0,
,0108,ROY016,718,642,1,0,5,0,259,0,2,0,13,0,1,0,4,0,1,350,0,233,373,205,0,17,0,374,0,17,0,36,235,349,393,93,98,85,401,99,0,0,543,0,0,0,0,0,0,0,0,0,0,415,169,0,0,0,0,234,382,535,399,210,413,0,0,0,0,0,0,0,0,0,0,0,465,102,442,123,472,95,451,115,461,104,460,105,424,143,451,110,465,92,440,110,445,103,453,100,440,111,445,107,438,117,0,0,0,0,439,111,372,246,487,119,489,125,365,228,507,111,407,191,391,224,0,0,0,0,0,0,0,0,
,0109,ROY017,1019,905,3,0,4,0,324,0,4,0,21,0,3,0,3,0,0,535,0,309,537,252,0,22,0,549,0,30,0,71,267,531,595,113,95,117,581,123,0,0,755,0,0,0,0,0,0,0,0,0,0,635,183,0,0,0,0,304,553,749,582,264,586,0,0,0,0,0,0,0,0,0,0,0,628,151,601,174,637,144,604,164,630,146,614,156,592,182,613,148,602,162,590,164,614,142,597,167,596,163,605,147,614,156,0,0,0,0,597,153,446,412,662,176,656,193,480,346,681,171,527,291,494,357,0,0,0,0,0,0,0,0,
,0110,ROY018,904,823,5,0,1,0,276,0,4,0,27,0,3,0,5,0,2,482,0,265,513,234,0,13,0,504,0,27,0,57,241,501,546,116,94,106,534,124,0,0,698,0,0,0,0,0,0,0,0,0,0,568,195,0,0,0,0,281,504,697,545,234,562,0,0,0,0,0,0,0,0,0,0,0,585,140,551,171,588,136,563,158,590,132,572,144,545,179,573,142,583,132,564,140,552,155,554,158,560,151,561,148,564,146,0,0,0,0,556,151,421,346,594,158,574,188,434,312,653,116,480,266,439,325,0,0,0,0,0,0,0,0,
,0111,ROY019,1014,852,1,0,6,0,311,0,5,0,37,0,2,0,2,0,1,475,0,285,515,248,0,21,0,498,0,42,0,56,266,507,557,121,99,102,552,139,0,0,707,0,0,0,0,0,0,0,0,0,0,587,192,0,0,0,704,293,525,694,550,260,584,0,0,0,0,0,0,0,0,0,0,0,605,141,580,164,623,125,586,156,622,123,600,128,546,181,592,140,616,118,587,135,592,134,592,137,575,150,580,146,589,139,0,0,0,0,580,137,433,370,601,195,631,167,463,314,650,158,495,279,480,317,0,0,0,0,0,0,0,0,
,0112,SOG001,485,391,0,0,6,0,187,0,3,0,24,0,0,0,2,0,0,165,0,178,193,136,0,3,0,208,0,29,0,37,162,176,228,49,59,44,212,90,0,0,0,0,0,0,0,0,0,190,180,0,0,0,0,0,0,0,0,164,210,309,218,149,209,0,0,0,0,0,0,0,0,0,0,0,269,71,249,87,276,61,260,72,265,70,267,67,251,86,262,69,275,56,257,67,259,70,273,57,258,72,253,72,0,0,0,0,0,0,261,69,219,150,298,62,293,66,208,139,278,91,237,111,231,127,0,0,0,0,0,0,0,0,
,0113,SOG002,558,480,1,0,4,0,218,0,1,0,21,0,0,0,8,0,0,222,0,217,246,189,0,6,0,232,0,31,0,37,200,233,276,79,78,59,270,115,0,0,0,0,0,0,0,0,0,239,224,0,0,0,0,0,0,0,0,218,239,394,256,199,264,0,0,0,0,0,0,0,0,0,0,0,322,98,310,111,341,83,323,96,334,89,330,89,297,125,316,93,337,77,305,95,310,96,327,87,306,105,309,99,0,0,0,0,0,0,312,94,260,189,370,69,367,80,258,175,324,117,265,168,250,196,0,0,0,0,0,0,0,0,
,0114,SOG003,699,606,0,0,6,0,257,0,2,0,18,0,2,0,3,0,1,308,0,242,335,206,0,9,0,344,0,20,0,43,221,329,383,92,84,77,380,104,0,0,0,0,0,0,0,0,0,277,310,0,0,0,0,0,0,0,510,243,336,515,375,204,370,0,0,0,0,0,0,0,0,0,0,0,445,96,421,116,452,86,421,110,449,83,443,92,407,126,451,81,462,77,451,78,445,84,436,100,432,100,439,91,0,0,0,0,0,0,433,91,346,242,467,107,463,113,349,201,441,143,393,159,329,243,0,0,0,0,0,0,0,0,
,0115,SOG004,683,604,1,0,1,0,228,0,1,0,15,0,0,0,3,0,0,346,0,208,352,193,0,12,0,355,0,15,0,32,200,354,396,75,63,64,387,87,0,0,0,0,0,0,0,0,0,244,329,0,0,0,0,0,0,0,485,202,371,478,373,192,369,0,0,0,0,0,0,0,0,0,0,0,414,98,393,116,429,84,412,98,423,88,419,88,384,126,406,92,409,92,396,101,404,90,383,112,389,107,402,95,0,0,0,0,0,0,396,94,331,236,433,128,433,134,300,250,451,123,344,202,277,291,0,0,0,0,0,0,0,0,
,0116,SOG005,822,752,1,0,3,0,331,0,4,0,15,0,2,0,7,0,0,380,0,288,426,268,0,20,0,414,0,19,0,40,282,404,479,100,91,86,467,113,0,0,0,0,0,0,0,0,0,339,381,0,0,0,0,0,0,0,616,292,423,614,439,255,449,0,0,0,0,0,0,0,0,0,0,0,536,122,501,154,551,107,517,135,532,121,527,123,478,175,530,119,546,108,527,119,530,111,503,145,520,128,528,115,0,0,0,0,0,0,523,117,452,265,563,135,588,120,413,264,542,157,455,226,413,297,0,0,0,0,0,0,0,0,
,0117,SOG006,340,313,0,0,1,0,124,0,3,0,3,0,0,0,1,0,0,179,0,108,192,95,0,4,0,185,0,10,0,18,105,184,216,31,30,22,218,39,0,0,0,0,0,0,0,0,0,135,169,0,0,0,0,0,0,0,244,102,197,244,204,91,205,0,0,0,0,0,0,0,0,0,0,0,225,50,215,57,238,35,221,49,236,33,239,36,209,64,224,41,236,28,218,42,222,41,218,46,219,43,215,48,0,0,0,0,0,0,219,44,168,129,224,66,222,70,151,125,205,87,186,93,153,139,0,0,0,0,0,0,0,0,
,0118,SOG007,788,730,0,0,1,0,282,0,1,0,19,0,1,0,1,0,1,413,0,225,452,213,0,10,0,452,0,24,0,39,232,434,492,84,53,54,487,87,0,0,0,0,0,0,0,0,0,0,0,247,449,0,0,0,0,0,595,238,452,593,460,216,462,0,0,0,0,0,0,0,0,0,0,0,524,90,492,114,535,77,501,101,527,81,520,85,490,122,503,95,515,87,491,100,499,99,493,103,509,98,496,99,0,0,0,0,0,0,500,95,390,310,541,136,542,143,419,234,529,153,440,210,359,321,0,0,0,0,0,0,0,0,
,0119,SOG008,996,916,2,0,11,0,434,0,2,0,25,0,0,0,1,0,0,421,0,356,487,312,0,5,0,521,0,32,0,53,377,446,585,125,87,101,563,136,0,0,0,0,0,0,0,0,0,0,0,391,483,0,0,0,0,0,720,355,513,746,539,306,531,0,0,0,0,0,0,0,0,0,0,0,673,119,639,144,683,113,647,137,683,111,674,114,619,169,655,116,675,106,636,126,639,123,642,131,642,127,642,123,0,0,0,0,0,0,633,128,588,277,713,131,740,115,546,272,614,243,601,213,511,350,0,0,0,0,0,0,0,0,
,0120,SOG009,815,692,1,0,2,0,356,0,3,0,24,0,1,0,2,0,1,292,0,331,308,289,0,14,0,327,0,23,0,58,294,312,387,81,125,75,384,142,0,0,0,0,0,0,0,0,0,353,294,0,0,0,0,0,0,0,550,319,333,556,351,288,347,0,0,0,0,0,0,0,0,0,0,0,460,121,427,150,484,96,451,121,473,107,466,109,414,165,471,110,498,91,456,116,465,108,451,128,454,121,453,121,0,0,0,0,0,0,456,114,432,230,516,124,539,109,394,223,502,144,416,204,394,254,0,0,0,0,0,0,0,0,
,0121,SOG010,903,821,4,0,7,0,342,0,2,0,15,0,2,0,2,0,1,429,0,307,469,278,0,7,0,481,0,15,0,42,293,454,538,104,85,88,548,105,0,0,0,0,0,0,0,0,0,0,0,351,445,0,0,0,0,0,685,292,503,679,504,276,516,0,0,0,0,0,0,0,0,0,0,0,599,127,570,150,602,126,579,137,596,126,601,124,555,167,591,122,605,110,573,124,577,127,579,136,579,128,572,130,0,0,0,0,0,0,568,137,491,291,633,135,658,121,503,242,581,188,528,220,464,305,0,0,0,0,0,0,0,0,
,0122,SOG011,899,838,0,0,2,0,314,0,1,0,18,0,3,0,4,0,0,478,0,284,509,246,0,10,0,535,0,17,0,38,285,494,586,81,82,69,595,93,0,0,0,0,0,0,0,0,0,0,0,304,505,0,0,0,0,0,708,267,545,702,549,245,555,0,0,0,0,0,0,0,0,0,0,0,610,104,584,123,626,92,604,109,622,90,611,99,573,139,626,92,639,78,611,92,622,84,600,105,620,94,619,90,0,0,0,0,0,0,600,100,510,293,654,131,670,125,495,279,604,189,559,215,445,356,0,0,0,0,0,0,0,0,
,0123,SOG012,1055,946,1,0,5,0,408,0,2,0,29,0,0,0,5,0,0,476,0,352,530,314,0,6,0,544,0,36,0,51,350,513,599,111,115,88,599,151,0,0,0,0,0,0,0,0,0,0,0,371,539,0,0,0,0,0,768,322,584,772,579,305,561,0,0,0,0,0,0,0,0,0,0,0,676,133,631,173,694,114,662,143,687,121,685,121,613,192,670,129,695,106,658,129,666,129,650,148,655,142,658,134,0,0,0,0,0,0,646,141,568,333,725,148,753,140,537,306,692,188,601,247,550,332,0,0,0,0,0,0,0,0,
,0124,TAY001,418,392,0,0,1,0,59,0,3,0,7,0,0,0,0,0,0,315,0,57,317,43,0,7,0,303,0,12,0,19,51,311,327,33,13,33,310,28,0,0,362,0,0,0,0,62,319,0,0,0,0,0,0,0,0,0,0,68,315,360,332,51,331,0,0,0,0,0,0,0,0,349,0,0,296,58,287,64,293,57,290,60,298,52,296,53,274,73,283,67,301,48,287,58,293,54,280,68,288,60,291,56,0,0,0,0,0,0,289,55,152,231,291,81,254,122,181,190,330,56,211,151,169,210,145,239,131,23,135,78,336,36,
,0125,TAY002,986,925,2,0,4,0,189,0,3,0,19,0,1,0,4,0,0,688,0,170,699,131,0,18,0,704,0,12,0,38,175,675,737,73,46,75,730,54,0,0,790,0,0,0,0,0,0,0,0,0,0,0,0,160,685,22,0,188,684,802,744,123,726,0,0,0,0,0,0,0,0,793,0,0,657,134,623,167,661,133,642,147,659,137,656,135,595,190,650,140,667,132,649,131,639,145,634,158,642,148,642,145,0,0,0,0,0,0,634,150,371,519,672,190,641,233,426,420,759,127,531,317,433,439,391,519,287,70,331,188,771,97,
,0126,TAY003,4,4,0,0,0,0,2,0,0,0,0,0,0,0,0,0,0,2,0,2,2,1,0,0,0,2,0,0,0,1,2,1,2,1,1,0,2,2,0,0,3,0,0,0,0,2,2,0,0,0,0,0,0,0,0,0,0,2,2,3,2,2,2,0,0,0,0,0,0,0,0,4,0,0,3,1,3,1,4,0,4,0,3,1,3,1,3,1,3,1,3,1,3,1,3,1,3,1,3,1,3,1,0,0,0,0,0,0,3,1,3,1,4,0,4,0,3,1,3,1,3,1,4,0,4,0,1,1,1,1,4,0,
,0127,TAY004,3,3,0,0,0,0,0,0,0,0,0,0,0,0,0,0,0,3,0,0,3,0,0,0,0,3,0,0,0,0,0,3,3,0,0,0,3,0,0,0,3,0,0,0,0,0,0,0,0,0,0,0,0,0,3,0,0,0,3,3,3,0,3,0,0,0,0,0,0,0,0,3,0,0,3,0,1,2,3,0,3,0,3,0,3,0,1,2,3,0,3,0,3,0,3,0,0,3,3,0,3,0,0,0,0,0,0,0,2,0,3,0,2,1,3,0,3,0,3,0,2,1,2,1,0,3,0,1,2,0,3,0,
,0128,UIN001,842,766,2,0,3,0,169,0,1,0,19,0,0,0,3,0,0,558,0,159,556,132,0,21,0,544,0,29,0,42,162,544,595,69,51,78,561,73,0,0,0,0,0,0,0,0,0,0,0,200,542,0,0,0,0,0,668,152,587,671,578,141,584,0,0,0,0,0,0,0,0,0,0,0,540,120,519,136,549,113,522,130,539,119,535,124,501,157,529,127,544,108,516,122,522,122,515,134,522,125,522,122,0,0,0,0,0,0,503,136,340,387,532,183,540,179,396,299,595,134,425,272,382,337,0,0,0,0,0,0,0,0,
,0129,VLY001,995,925,1,0,3,0,296,0,8,0,14,0,1,0,6,0,0,580,0,277,614,239,0,14,0,605,0,28,0,35,263,603,661,102,82,90,654,101,285,615,0,0,0,619,277,0,0,0,0,0,0,0,0,0,0,0,0,279,607,780,659,217,659,0,0,0,0,0,0,0,0,0,0,0,631,155,611,168,643,144,642,146,647,140,639,147,594,193,628,141,643,124,622,135,618,145,612,152,618,145,621,142,0,0,0,0,0,0,617,140,469,410,665,186,690,183,455,407,670,203,576,266,442,434,0,0,0,0,0,0,0,0,
,0130,VLY002,1369,1284,2,0,4,0,450,0,3,0,15,0,1,0,7,0,0,785,0,392,815,368,0,18,0,803,0,34,0,51,406,789,893,115,112,111,887,138,431,801,0,0,0,898,347,0,0,0,0,0,0,0,0,0,0,0,0,392,818,1017,850,334,865,0,0,0,0,0,0,0,0,0,0,0,855,182,820,212,869,174,836,192,860,173,861,171,770,256,854,171,872,161,829,176,841,172,828,195,839,187,838,178,0,0,0,0,0,0,809,189,690,525,943,242,975,233,626,532,924,292,785,370,613,593,0,0,0,0,0,0,0,0,
,0131,VLY003,968,907,0,0,4,0,346,0,2,0,13,0,1,0,3,0,0,520,0,292,556,261,0,19,0,562,0,21,0,27,313,532,641,87,74,73,635,93,344,518,0,0,0,607,259,0,0,0,0,0,0,0,0,0,0,0,0,300,560,730,598,262,615,0,0,0,0,0,0,0,0,0,0,0,629,117,600,148,641,109,613,130,643,106,630,115,581,161,621,116,642,103,611,117,622,114,610,129,624,109,616,112,0,0,0,0,0,0,611,120,490,374,689,152,660,188,474,340,595,255,568,247,431,416,0,0,0,0,0,0,0,0,
,0132,VLY004,1490,1406,4,0,6,0,483,0,2,0,30,0,1,0,5,0,0,844,0,442,882,419,0,13,0,859,0,48,0,57,451,839,936,132,147,108,939,188,495,846,0,0,0,932,418,0,0,0,0,0,0,0,0,0,0,0,0,463,860,1111,915,383,939,0,0,0,0,0,0,0,0,0,0,0,898,260,830,315,926,227,888,261,928,222,909,235,813,337,876,252,925,216,869,241,878,244,869,265,885,243,881,246,0,0,0,0,0,0,861,255,744,584,1007,291,1026,300,681,598,959,378,850,412,657,657,0,0,0,0,0,0,0,0,
,0133,WAT001,763,658,0,0,5,0,238,0,3,0,25,0,4,0,4,0,0,365,0,241,381,214,0,16,0,372,0,29,0,39,227,369,407,102,82,76,402,119,0,0,0,0,0,0,0,0,0,0,0,286,346,0,0,0,0,0,557,229,397,546,408,208,406,0,0,0,0,0,0,0,0,0,538,0,442,127,429,140,452,116,429,140,448,122,441,112,396,156,432,121,451,103,433,114,425,124,429,122,429,120,418,128,0,0,0,0,0,0,423,127,326,295,484,130,467,150,314,269,493,130,350,238,356,264,0,0,0,0,0,0,0,0,
,0134,WAT002,739,634,2,0,2,0,251,0,3,0,17,0,2,0,0,0,0,349,0,240,334,207,0,12,0,335,0,25,0,56,224,321,366,98,79,97,352,114,0,0,0,0,0,0,0,0,0,0,0,289,306,0,0,0,0,0,505,244,340,493,356,220,349,0,0,0,0,0,0,0,0,0,509,0,418,112,386,142,426,101,414,116,423,105,416,103,394,126,408,111,427,97,400,116,397,119,407,111,406,112,399,115,0,0,0,0,0,0,403,113,329,260,446,127,452,129,292,266,467,113,343,213,364,215,0,0,0,0,0,0,0,0,
,0135,WAT003,638,525,1,0,5,0,216,0,0,0,14,0,2,0,4,0,0,276,0,211,278,177,0,8,0,282,0,26,0,43,187,274,334,78,65,68,299,106,0,0,0,0,0,0,0,0,0,0,0,232,268,0,0,0,0,0,426,185,307,414,307,177,306,0,0,0,0,0,0,0,0,0,429,0,346,102,329,113,359,90,337,109,357,90,348,88,314,119,343,90,350,84,327,101,334,100,329,101,340,93,337,93,0,0,0,0,0,0,330,102,261,219,353,105,367,108,285,175,368,105,285,170,291,182,0,0,0,0,0,0,0,0,
,0136,WAT004,797,694,3,0,1,0,305,0,1,0,29,0,2,0,3,0,0,342,0,284,363,260,0,5,0,366,0,30,0,55,260,356,424,104,107,87,418,141,0,0,0,0,0,0,0,0,0,0,0,356,315,0,0,0,0,0,559,282,374,570,391,254,399,0,0,0,0,0,0,0,0,0,565,0,466,139,427,174,473,131,455,144,478,127,465,134,416,181,460,137,482,119,457,136,466,129,448,148,455,143,458,136,0,0,0,0,0,0,458,136,370,286,503,138,529,118,387,246,514,136,395,236,387,268,0,0,0,0,0,0,0,0,
,0137,WAT005,618,560,0,0,2,0,241,0,3,0,15,0,0,0,2,0,0,290,0,211,319,181,0,12,0,321,0,20,0,28,211,307,383,72,48,64,364,76,0,0,0,0,0,0,0,0,0,0,0,269,271,0,0,0,0,0,468,190,353,470,358,176,360,0,0,0,0,0,0,0,0,0,487,0,401,94,386,108,411,83,394,96,408,83,401,82,366,116,395,90,404,82,388,91,394,90,390,91,386,94,393,89,0,0,0,0,0,0,394,84,295,248,421,99,430,95,320,190,418,114,347,166,300,227,0,0,0,0,0,0,0,0,
,0138,WAT006,918,844,2,0,2,0,327,0,7,0,8,0,1,0,2,0,1,470,0,280,514,265,0,13,0,506,0,16,0,26,300,492,573,103,72,110,553,85,0,0,0,0,0,0,0,0,0,0,0,352,464,0,0,0,0,0,690,272,536,707,543,250,527,0,0,0,0,0,0,0,0,0,704,0,625,108,598,131,641,92,610,118,643,90,631,88,569,146,605,116,646,85,606,111,619,104,610,114,603,117,613,103,0,0,0,0,0,0,601,108,480,315,634,151,662,128,473,292,569,208,514,252,429,361,0,0,0,0,0,0,0,0,
,0139,WCO001,3,1,0,0,0,0,1,0,0,0,0,0,0,0,0,0,0,0,0,1,0,0,0,0,0,1,0,0,0,1,0,0,1,0,0,0,1,0,0,0,1,0,0,0,0,1,0,0,0,0,0,0,0,0,0,0,0,1,0,1,0,1,0,0,0,0,0,0,0,0,0,1,0,0,1,0,0,1,1,0,0,1,1,0,0,1,1,0,1,0,1,0,0,1,1,0,0,1,1,0,1,0,0,0,0,0,0,0,0,1,1,0,1,0,0,1,1,0,1,0,0,1,1,0,0,0,0,0,0,0,0,0,
,0140,WCP001,200,191,1,0,0,0,32,0,0,0,2,0,0,0,0,0,0,154,0,30,152,23,0,7,0,137,0,7,0,9,34,142,148,14,9,14,148,13,0,0,163,0,0,0,0,0,0,0,0,0,0,0,0,29,146,4,0,32,147,158,156,23,146,0,0,0,0,0,0,0,0,153,0,0,132,29,126,33,132,27,131,28,136,23,126,29,120,35,129,26,127,28,121,32,130,24,122,32,119,35,127,26,0,0,0,0,0,0,119,34,56,121,134,37,105,71,72,98,150,34,99,72,70,107,0,0,0,0,0,0,0,0,
,0141,WCU001,859,815,1,0,3,0,321,0,1,0,12,0,0,0,2,0,0,463,0,276,499,267,0,10,0,460,0,26,0,40,302,440,558,88,63,59,546,108,0,0,0,0,0,0,0,0,0,342,450,0,0,0,0,0,0,0,645,277,499,652,522,238,511,0,0,0,0,0,0,0,0,0,0,0,565,114,528,148,572,106,552,118,578,100,571,105,524,152,549,117,575,98,537,116,547,116,532,129,563,103,543,118,0,0,0,0,0,0,533,121,465,311,611,149,613,154,473,268,574,204,494,247,418,355,0,0,0,0,0,0,0,0,
,0142,WCU002,949,898,3,0,5,0,276,0,1,0,21,0,1,0,2,0,0,565,0,224,629,198,0,10,0,623,0,20,0,29,241,589,646,81,60,77,639,77,0,0,0,0,0,0,0,0,0,0,0,299,565,0,0,0,0,0,758,209,656,761,639,202,648,0,0,0,0,0,0,0,0,0,0,0,666,90,644,107,674,81,649,100,665,87,663,90,630,123,666,85,719,66,652,85,652,87,642,107,664,85,637,100,0,0,0,0,0,0,648,90,466,379,657,167,658,180,514,292,636,203,540,259,394,439,0,0,0,0,0,0,0,0,
,0143,WCV001,3,3,0,0,0,0,0,0,0,0,0,0,0,0,0,0,0,3,0,0,2,0,0,2,0,1,0,0,0,0,0,3,1,2,0,1,2,0,0,3,0,0,0,0,0,0,0,0,0,0,0,0,0,0,3,0,0,0,3,3,3,0,3,0,0,0,0,0,0,0,0,0,0,0,2,1,2,1,3,0,3,0,3,0,2,1,2,1,2,1,2,1,2,1,3,0,2,1,3,0,2,1,0,0,0,0,0,0,2,0,0,3,1,2,1,2,1,2,1,2,1,2,1,2,0,0,0,0,0,0,0,0,
,0144,WCW001,674,635,0,0,6,0,92,0,2,0,7,0,1,0,0,0,0,513,0,87,519,65,0,22,0,484,0,31,0,32,78,500,528,46,22,54,499,40,0,0,563,0,0,0,0,0,0,0,0,0,0,538,64,0,0,0,0,113,491,563,516,85,519,0,0,0,0,0,0,0,0,553,0,0,484,76,473,86,488,70,475,85,484,76,470,86,465,90,465,88,482,75,469,82,472,79,463,90,460,88,472,78,0,0,0,0,0,0,464,89,236,373,467,130,421,182,273,331,555,57,346,247,289,321,239,384,212,60,220,97,548,41,
,0145,WCW002,592,565,3,0,3,0,88,0,1,0,14,0,0,0,1,0,0,446,0,79,441,75,0,9,0,422,0,24,0,22,108,415,445,48,21,45,451,26,0,0,479,0,0,0,0,0,0,0,0,0,0,0,0,103,422,13,0,151,390,503,456,79,465,0,0,0,0,0,0,0,0,481,0,0,405,74,397,82,407,73,399,80,400,79,394,75,374,95,391,79,390,80,388,76,383,84,371,97,391,79,383,84,0,0,0,0,0,0,391,78,230,307,400,122,364,162,270,245,481,60,315,193,293,240,376,181,187,49,238,64,482,58,
,0146,WCW003,53,51,0,0,0,0,3,0,0,0,0,0,0,0,0,0,0,48,0,4,45,3,0,1,0,44,0,1,0,1,1,48,39,8,0,5,41,1,0,0,45,0,0,0,0,0,0,0,0,0,0,48,1,0,0,0,0,6,43,44,46,1,44,0,0,0,0,0,0,0,0,42,0,0,39,4,38,5,37,4,39,4,38,5,41,4,40,5,39,5,39,5,39,5,39,5,32,11,36,4,38,4,0,0,0,0,0,0,35,8,12,36,33,13,23,25,17,30,43,6,23,21,17,31,27,23,12,13,10,11,44,3,
,0147,WCW004,276,256,0,0,1,0,45,0,0,0,4,0,0,0,0,0,0,204,0,42,199,31,0,5,0,192,0,11,0,12,48,187,199,31,8,19,200,22,0,0,223,0,0,0,0,0,0,0,0,0,0,0,0,36,202,7,0,39,211,235,219,27,214,0,0,0,0,0,0,0,0,224,0,0,181,39,184,36,180,37,172,45,186,31,174,39,165,48,174,37,182,34,173,39,179,33,163,50,177,38,166,45,0,0,0,0,0,0,181,34,74,161,182,48,170,62,111,120,213,30,147,80,110,124,40,209,65,18,91,52,190,39,
,0148,WHV001,1670,1536,3,0,9,0,338,0,3,0,26,0,3,0,4,0,0,1117,0,290,1144,264,0,26,0,1117,0,46,0,77,310,1085,1164,148,100,123,1170,121,0,0,1314,0,0,0,0,0,0,0,0,0,0,1183,254,0,0,0,0,321,1126,1331,1171,263,1180,0,0,0,0,0,0,0,0,1272,0,0,1069,222,1030,246,1074,204,1027,245,1075,203,1043,208,972,272,1012,238,1070,190,1011,221,1027,215,1000,254,1019,227,1015,222,0,0,0,0,0,0,1015,226,619,813,1090,292,1025,391,741,601,1200,236,876,471,672,742,0,0,0,0,0,0,0,0,
,0149,WHV002,900,839,2,0,8,0,165,0,3,0,13,0,0,0,2,0,0,635,0,164,636,140,0,19,0,617,0,28,0,28,182,601,636,76,52,54,636,83,0,0,713,0,0,0,0,196,601,0,0,0,0,0,0,0,0,0,0,173,611,712,631,151,637,0,0,0,0,0,0,0,0,683,0,0,611,106,589,130,621,97,599,116,620,96,618,100,564,149,602,114,625,92,598,109,604,109,598,125,606,111,609,104,0,0,0,0,0,0,599,113,391,403,627,145,607,182,430,329,674,120,509,252,410,378,0,0,0,0,0,0,0,0,
,0150,WHV003,1240,1119,4,0,0,0,323,0,2,0,32,0,2,0,6,0,0,737,0,289,761,277,0,21,0,739,0,35,0,69,279,735,802,110,94,96,785,138,0,0,953,0,0,0,0,321,749,0,0,0,0,0,0,0,0,0,0,301,763,946,790,267,804,0,0,0,0,0,0,0,0,921,0,0,775,182,723,231,779,177,749,205,787,168,774,170,691,242,763,178,786,160,769,165,759,175,732,213,752,183,764,166,0,0,0,0,0,0,758,176,551,497,818,214,796,241,620,393,854,197,661,347,566,474,0,0,0,0,0,0,0,0,
,0151,WHV004,2163,2009,2,0,11,0,652,0,3,0,52,0,4,0,9,0,1,1245,0,633,1234,555,0,29,0,1252,0,61,0,151,554,1213,1337,274,191,189,1326,301,0,0,1687,0,0,0,0,663,1228,0,0,0,0,0,0,0,0,0,0,630,1240,1686,1326,541,1316,0,0,0,0,0,0,0,0,1649,0,0,1396,312,1319,384,1427,281,1353,350,1431,278,1393,283,1270,404,1367,309,1409,276,1347,328,1370,305,1356,330,1350,328,1355,310,0,0,0,0,0,0,1365,310,993,903,1477,371,1380,485,1084,725,1557,331,1170,635,1111,762,0,0,0,0,0,0,0,0,
,0152,WHV005,430,393,1,0,1,0,100,0,0,0,5,0,0,0,0,0,0,277,0,92,274,81,0,7,0,279,0,4,0,16,97,265,285,38,23,24,300,27,0,0,334,0,0,0,0,102,277,0,0,0,0,0,0,0,0,0,0,103,270,332,283,78,284,0,0,0,0,0,0,0,0,321,0,0,266,56,263,59,273,50,261,61,267,54,260,55,248,66,255,60,260,53,250,60,258,54,256,64,261,54,259,55,0,0,0,0,0,0,262,51,175,197,285,77,286,79,176,168,303,69,232,114,197,173,0,0,0,0,0,0,0,0,
,0153,WHV006,512,481,0,0,2,0,71,0,1,0,10,0,2,0,0,0,0,386,0,60,402,54,0,8,0,387,0,11,0,13,61,397,395,26,22,25,391,33,0,0,435,0,0,0,0,0,0,0,0,0,0,0,0,55,395,8,0,67,391,428,407,48,408,0,0,0,0,0,0,0,0,411,0,0,345,69,326,83,340,68,329,79,341,70,337,75,317,92,337,75,338,76,337,73,340,72,324,88,335,76,334,74,0,0,0,0,0,0,333,76,182,278,352,102,332,124,235,203,401,57,285,148,202,256,0,0,0,0,0,0,0,0,
,0154,WHV007,931,851,1,0,7,0,214,0,4,0,20,0,1,0,3,0,0,595,0,216,584,172,0,9,0,594,0,25,0,38,194,592,617,92,66,75,604,98,0,0,728,0,0,0,0,0,0,0,0,0,0,0,0,185,587,24,0,206,596,722,598,193,616,0,0,0,0,0,0,0,0,718,0,0,633,109,594,144,621,118,602,136,626,118,615,115,556,173,621,112,632,104,623,106,613,115,606,129,613,122,608,123,0,0,0,0,0,0,616,109,378,428,628,160,586,208,428,342,658,141,481,295,415,382,0,0,0,0,0,0,0,0,
,0155,WHV008,446,366,1,0,1,0,137,0,1,0,19,0,0,0,1,0,0,202,0,128,212,117,0,8,0,208,0,19,0,30,116,205,229,48,53,34,221,78,0,0,290,0,0,0,0,139,201,0,0,0,0,0,0,0,0,0,0,122,221,296,221,120,223,0,0,0,0,0,0,0,0,295,0,0,252,65,238,77,261,57,246,69,260,59,251,57,227,78,238,67,246,60,239,63,242,58,247,57,237,64,244,57,0,0,0,0,0,0,241,60,181,156,259,67,262,77,203,111,269,69,196,119,226,110,0,0,0,0,0,0,0,0,
,0156,WNO001,14,13,0,0,0,0,1,0,0,0,0,0,0,0,0,0,0,12,0,0,12,0,0,0,0,12,0,0,0,0,2,11,12,0,0,0,12,0,2,11,0,0,0,12,1,0,0,0,0,0,0,0,0,0,0,0,0,1,12,12,12,1,12,0,0,0,0,0,0,0,0,0,0,0,10,2,10,2,10,2,10,2,9,2,10,2,9,3,10,2,10,2,10,2,10,2,9,3,10,2,10,2,0,0,0,0,0,0,10,2,3,10,11,2,6,7,4,9,12,1,9,3,9,4,0,0,0,0,0,0,0,0,
,0157,WNO002,18,15,0,0,0,0,3,0,0,0,0,0,0,0,0,0,0,12,0,2,13,0,0,0,0,14,0,1,0,0,1,14,13,1,0,1,14,0,0,15,0,0,15,0,0,0,0,0,0,0,0,0,0,0,0,0,0,2,13,15,14,1,15,0,0,0,0,0,0,0,0,0,0,0,13,2,13,2,13,2,12,3,12,3,12,2,11,4,12,2,12,2,11,3,12,2,11,3,12,2,11,3,0,0,0,0,0,0,12,2,8,6,11,3,13,1,4,9,13,1,8,6,8,6,0,0,0,0,0,0,0,0,
,0158,WNO003,58,51,0,0,0,0,17,0,1,0,0,0,0,0,0,0,0,32,0,13,35,16,0,0,0,31,0,1,0,1,14,34,38,1,7,0,37,8,15,35,0,15,35,0,0,0,0,0,0,0,0,0,0,0,0,0,0,13,34,42,35,12,34,0,0,0,0,0,0,0,0,0,0,0,35,10,35,10,37,8,36,9,37,7,39,6,36,9,38,7,39,5,37,7,39,5,37,7,35,8,38,6,0,0,0,0,0,0,39,5,25,23,38,10,42,6,27,20,38,11,38,9,30,20,0,0,0,0,0,0,0,0,
,ZZZ,COUNTY TOTALS,126823,113277,250,0,524,0,40695,0,415,0,2849,0,184,0,482,0,55,65949,0,37504,69061,32976,0,1900,0,68804,0,3927,0,6801,35860,66590,75117,14220,12133,11851,73919,16442,15737,23262,34879,6607,12055,10067,7600,5999,8426,7054,6771,5432,7660,12251,3622,2736,10953,317,15058,37579,69778,93751,73223,32925,73179,1378,1399,3282,2694,1043,2942,2999,3205,17754,6367,6347,79060,18177,75063,21562,80681,16429,76998,19543,80458,16544,78916,17098,72091,23790,77554,17998,80330,15670,76526,17921,77233,17610,76376,19161,76754,18461,76847,17900,11222,2686,18331,6616,19588,5484,76240,18355,58915,47855,83701,21210,82762,23277,60319,42337,84342,22370,67320,35186,59178,46993,1222,1558,895,235,1028,491,2378,274,