COUNTY NUMBER,PRECINCT CODE,PRECINCT NAME,REGISTERED VOTERS TOTAL,BALLOTS CAST TOTAL,BALLOTS CAST BLANK,U.S. President and Vice President,U.S. President and Vice President,U.S. President and Vice President,U.S. President and Vice President,U.S. President and Vice President,U.S. President and Vice President,U.S. President and Vice President,U.S. President and Vice President,U.S. President and Vice President,U.S. President and Vice President,U.S. President and Vice President,U.S. President and Vice President,U.S. House Dist. 2,U.S. House Dist. 2,U.S. House Dist. 2,U.S. House Dist. 2,U.S. House Dist. 2,Governor and Lt. Governor,Governor and Lt. Governor,Governor and Lt. Governor,Governor and Lt. Governor,Governor and Lt. Governor,Governor and Lt. Governor,Governor and Lt. Governor,Attorney General,Attorney General,Attorney General,Attorney General,Attorney General,State Auditor,State Auditor,State Auditor,State Auditor,State Auditor,State Treasurer,State Treasurer,State Treasurer,State Treasurer,State Treasurer,State Senate Dist. 29,State Senate Dist. 29,State Senate Dist. 29,State Senate Dist. 29,State House Dist. 62,State House Dist. 62,State House Dist. 62,State House Dist. 62,State House Dist. 71,State House Dist. 71,State House Dist. 71,State House Dist. 74,State House Dist. 74,State House Dist. 74,State House Dist. 74,State House Dist. 75,State House Dist. 75,State House Dist. 75,State House Dist. 75,State School Board Dist. 15,State School Board Dist. 15,State School Board Dist. 15,County Commission Seat C,County Commission Seat C,County Commission Seat C,County Commission Seat C,County Assessor,County Assessor,County Assessor,County Recorder,County Recorder,County Recorder,County Treasurer,County Treasurer,County Treasurer,County Attorney,County Attorney,County Attorney,Local School Board Dist. 1,Local School Board Dist. 1,Local School Board Dist. 1,Local School Board Dist. 1,Local School Board Dist. 2,Local School Board Dist. 2,Local School Board Dist. 2,Local School Board Dist. 2,Local School Board Dist. 3,Local School Board Dist. 3,Local School Board Dist. 3,Local School Board Dist. 3,Local School Board Dist. 3,John A. Pearce Judicial Retention,John A. Pearce Judicial Retention,John A. Pearce Judicial Retention,John A. Pearce Judicial Retention,David N. Mortensen Judicial Retention,David N. Mortensen Judicial Retention,David N. Mortensen Judicial Retention,David N. Mortensen Judicial Retention,Diana Hagen Judicial Retention,Diana Hagen Judicial Retention,Diana Hagen Judicial Retention,Diana Hagen Judicial Retention,Gregory Keith Orme Judicial Retention,Gregory Keith Orme Judicial Retention,Gregory Keith Orme Judicial Retention,Gregory Keith Orme Judicial Retention,Jill M. Pohlman Judicial Retention,Jill M. Pohlman Judicial Retention,Jill M. Pohlman Judicial Retention,Jill M. Pohlman Judicial Retention,Michele M. Christiansen Forster Judicial Retention,Michele M. Christiansen Forster Judicial Retention,Michele M. Christiansen Forster Judicial Retention,Michele M. Christiansen Forster Judicial Retention,Ryan M. Harris Judicial Retention,Ryan M. Harris Judicial Retention,Ryan M. Harris Judicial Retention,Ryan M. Harris Judicial Retention,John J. Walton Judicial Retention,John J. Walton Judicial Retention,John J. Walton Judicial Retention,John J. Walton Judicial Retention,Matthew L. Bell Judicial Retention,Matthew L. Bell Judicial Retention,Matthew L. Bell Judicial Retention,Matthew L. Bell Judicial Retention,Thad D. Seegmiller Judicial Retention,Thad D. Seegmiller Judicial Retention,Thad D. Seegmiller Judicial Retention,Thad D. Seegmiller Judicial Retention,Constitutional Amendment A,Constitutional Amendment A,Constitutional Amendment A,Constitutional Amendment A,Constitutional Amendment B,Constitutional Amendment B,Constitutional Amendment B,Constitutional Amendment B,Constitutional Amendment C,Constitutional Amendment C,Constitutional Amendment C,Constitutional Amendment C,Constitutional Amendment D,Constitutional Amendment D,Constitutional Amendment D,Constitutional Amendment D,Constitutional Amendment E,Constitutional Amendment E,Constitutional Amendment E,Constitutional Amendment E,Constitutional Amendment F,Constitutional Amendment F,Constitutional Amendment F,Constitutional Amendment F,Constitutional Amendment G,Constitutional Amendment G,Constitutional Amendment G,Constitutional Amendment G
,,,,,,NON,NON,NON,NON,NON,NON,NON,NON,NON,NON,NON,NON,NON,NON,NON,NON,NON,NON,NON,NON,NON,NON,NON,NON,NON,NON,NON,NON,NON,NON,NON,NON,NON,NON,NON,NON,NON,NON,NON,NON,NON,NON,NON,NON,NON,NON,NON,NON,NON,NON,NON,NON,NON,NON,NON,NON,NON,NON,NON,NON,NON,NON,NON,NON,NON,NON,NON,NON,NON,NON,NON,NON,NON,NON,NON,NON,NON,NON,NON,NON,NON,NON,NON,NON,NON,NON,NON,NON,NON,NON,NON,NON,NON,NON,NON,NON,NON,NON,NON,NON,NON,NON,NON,NON,NON,NON,NON,NON,NON,NON,NON,NON,NON,NON,NON,NON,NON,NON,NON,NON,NON,NON,NON,NON,NON,NON,NON,NON,NON,NON,NON,NON,NON,NON,NON,NON,NON,NON,NON,NON,NON,NON,NON,NON,NON,NON,NON,NON,NON,NON,NON,NON,NON,NON,NON,NON,NON,NON
,,,VOTERS,BALLOTS CAST,BALLOTS CAST,"BROCK PIERCE, KARLA BALLARD","KANYE WEST, MICHELLE TIDBALL","DEM JOSEPH R. BIDEN, KAMALA D. HARRIS","CON DON BLANKENSHIP, WILLIAM MOHR","LIB JO JORGENSEN, JEREMY COHEN","JOE MCHUGH, ELIZABETH STORM","GRN HOWIE HAWKINS, ANGELA WALKER",GLORIA LA RIVA,"REP DONALD J. TRUMP, MICHAEL R. PENCE",Write-in,OVER VOTES,UNDER VOTES,DEM KAEL WESTON,REP CHRIS STEWART,LIB J. ROBERT LATHAM,OVER VOTES,UNDER VOTES,"DEM CHRIS PETERSON, KARINA BROWN","IAP GREG DUERDEN, WAYNE HILL","REP SPENCER J. COX, DEIDRE M. HENDERSON","LIB DANIEL RHEAD COTTAM, BARRY EVAN SHORT",Write-in,OVER VOTES,UNDER VOTES,LIB RUDY J. BAUTISTA,DEM GREG SKORDAS,REP SEAN D. REYES,OVER VOTES,UNDER VOTES,REP JOHN 'FRUGAL' DOUGALL,CON JEFFREY L. OSTLER,UUP BRIAN L. FABBI,OVER VOTES,UNDER VOTES,CON RICHARD PROCTOR,REP DAVID DAMSCHEN,LIB JOSEPH SPECIALE,OVER VOTES,UNDER VOTES,REP DON L. IPSON,DEM CHUCK GOODE,OVER VOTES,UNDER VOTES,REP TRAVIS M. SEEGMILLER,Write-in,OVER VOTES,UNDER VOTES,REP BRAD LAST,OVER VOTES,UNDER VOTES,REP LOWRY SNOW,DEM KENZIE CARTER,OVER VOTES,UNDER VOTES,REP WALT BROOKS,DEM REBECCA SULLIVAN,OVER VOTES,UNDER VOTES,REP KRISTAN NORTON,OVER VOTES,UNDER VOTES,REP DEAN COX,IAP ROBERT V. LOVE,OVER VOTES,UNDER VOTES,REP TOM DURRANT,OVER VOTES,UNDER VOTES,REP GARY L. CHRISTENSEN,OVER VOTES,UNDER VOTES,REP DAVID WHITEHEAD,OVER VOTES,UNDER VOTES,REP ERIC CLARKE,OVER VOTES,UNDER VOTES,BECKY DUNN,Write-in,OVER VOTES,UNDER VOTES,CRAIG SEEGMILLER,Write-in,OVER VOTES,UNDER VOTES,DANIEL NIELSON,TERRY L. HUTCHINSON,Write-in,OVER VOTES,UNDER VOTES,YES,NO,OVER VOTES,UNDER VOTES,YES,NO,OVER VOTES,UNDER VOTES,YES,NO,OVER VOTES,UNDER VOTES,YES,NO,OVER VOTES,UNDER VOTES,YES,NO,OVER VOTES,UNDER VOTES,YES,NO,OVER VOTES,UNDER VOTES,YES,NO,OVER VOTES,UNDER VOTES,YES,NO,OVER VOTES,UNDER VOTES,YES,NO,OVER VOTES,UNDER VOTES,YES,NO,OVER VOTES,UNDER VOTES,FOR,AGAINST,OVER VOTES,UNDER VOTES,FOR,AGAINST,OVER VOTES,UNDER VOTES,FOR,AGAINST,OVER VOTES,UNDER VOTES,FOR,AGAINST,OVER VOTES,UNDER VOTES,FOR,AGAINST,OVER VOTES,UNDER VOTES,FOR,AGAINST,OVER VOTES,UNDER VOTES,FOR,AGAINST,OVER VOTES,UNDER VOTES
27,1,AV51,527,465,0,0,1,99,0,10,0,0,0,354,1,0,0,89,316,32,0,28,81,19,269,34,45,2,15,42,87,320,0,16,334,48,37,0,46,54,311,59,0,41,0,0,0,0,0,0,0,0,370,0,95,0,0,0,0,0,0,0,0,365,0,100,337,78,0,50,383,0,82,386,0,79,385,0,80,368,0,97,0,0,0,0,0,0,0,0,0,0,0,0,0,302,89,0,74,299,92,0,74,320,72,0,73,286,95,0,84,302,79,0,84,296,84,0,85,273,108,0,84,292,89,0,84,296,86,0,83,292,87,0,86,188,261,1,15,315,119,0,31,276,159,0,30,195,222,0,48,363,76,0,26,240,177,1,47,217,220,0,28
27,2,COCDSR,182,170,0,0,0,29,0,3,0,0,0,136,0,0,2,25,130,5,0,10,25,2,116,11,11,0,5,6,28,127,0,9,127,14,5,0,24,9,130,12,0,19,0,0,0,0,0,0,0,0,142,0,28,0,0,0,0,0,0,0,0,136,0,34,134,21,0,15,139,0,31,140,0,30,139,0,31,138,0,32,0,0,0,0,0,0,0,0,0,0,0,0,0,119,26,0,25,118,27,1,24,122,23,0,25,115,28,1,26,122,22,0,26,121,23,0,26,115,28,0,27,117,27,0,26,119,24,0,27,117,27,0,26,64,99,0,7,120,37,0,13,116,41,1,12,79,80,0,11,118,44,0,8,98,62,0,10,63,100,0,7
27,3,COCNBR,285,256,0,1,0,23,2,4,0,0,0,224,2,0,0,23,193,18,0,22,28,8,170,23,20,0,7,17,30,196,0,13,206,18,12,0,20,18,201,20,0,17,205,32,0,19,0,0,0,0,0,0,0,0,0,0,0,214,30,0,12,207,0,49,201,38,0,17,223,0,33,222,0,34,220,0,36,217,0,39,157,43,0,56,0,0,0,0,0,0,0,0,0,174,36,0,46,177,31,0,48,170,39,0,47,169,40,0,47,171,37,0,48,170,36,0,50,165,42,0,49,177,31,0,48,171,36,1,48,176,32,0,48,77,167,0,12,158,81,0,17,152,87,0,17,91,140,0,25,194,47,0,15,101,125,0,30,94,148,0,14
27,4,CODAV,683,644,0,1,1,169,1,10,0,2,1,446,4,1,8,158,405,30,1,50,148,13,413,29,28,0,13,39,155,425,0,25,467,43,45,0,89,45,466,54,0,79,446,159,0,39,0,0,0,0,0,0,0,0,0,0,0,451,167,0,26,499,0,145,472,88,0,84,519,0,125,517,0,127,508,0,136,516,0,128,415,48,0,181,0,0,0,0,0,0,0,0,0,403,71,0,170,389,80,0,175,405,63,0,176,397,70,0,177,404,64,0,176,404,64,1,175,365,98,0,181,399,68,0,177,403,65,0,176,402,67,0,175,317,301,0,26,463,124,0,57,432,166,0,46,250,331,0,63,433,173,0,38,374,198,0,72,262,335,0,47
27,5,CODIV,720,647,1,0,0,68,3,14,0,0,0,554,4,0,4,54,504,46,1,42,58,47,453,40,32,0,17,43,64,513,0,27,520,38,23,0,66,44,510,34,0,59,531,64,0,52,0,0,0,0,0,0,0,0,0,0,0,546,72,0,29,524,0,123,512,78,0,57,542,0,105,544,0,103,537,0,110,541,0,106,0,0,0,0,459,83,1,104,0,0,0,0,0,427,60,0,160,411,73,0,163,423,65,0,159,418,65,0,164,406,80,0,161,417,66,0,164,393,90,0,164,424,69,0,154,427,64,0,156,430,65,0,152,220,405,0,22,438,163,0,46,402,203,1,41,261,332,0,54,497,121,0,29,341,245,0,61,254,351,0,42
27,6,CODXDR,414,368,0,0,0,54,2,13,0,1,1,292,2,0,3,48,250,24,0,46,45,10,236,37,16,2,22,32,44,263,0,29,255,32,23,0,58,24,253,39,0,52,273,55,0,40,0,0,0,0,0,0,0,0,0,0,0,275,59,0,34,277,0,91,265,60,0,43,291,0,77,289,0,79,286,0,82,285,0,83,256,25,0,87,0,0,0,0,0,0,0,0,0,231,50,0,87,224,55,0,89,233,47,0,88,219,55,0,94,223,52,0,93,228,47,0,93,218,57,0,93,226,51,0,91,228,47,0,93,233,45,0,90,132,206,1,29,259,71,0,38,208,125,0,35,148,174,0,46,289,53,0,26,168,141,0,59,165,170,0,33
27,7,COGL,78,69,0,0,0,13,0,1,0,0,0,55,0,0,0,13,49,2,0,5,13,2,47,3,3,0,1,1,13,54,0,1,50,7,6,0,6,4,53,6,0,6,53,14,0,2,0,0,0,0,0,0,0,0,0,0,0,55,14,0,0,58,0,11,41,24,0,4,59,0,10,60,0,9,58,0,11,60,0,9,54,6,0,9,0,0,0,0,0,0,0,0,0,46,18,0,5,45,17,0,7,42,20,0,7,45,18,0,6,41,21,0,7,44,18,0,7,42,21,0,6,45,18,0,6,44,20,0,5,45,19,0,5,33,34,0,2,44,21,0,4,42,25,0,2,37,28,0,4,53,12,0,4,35,28,0,6,36,30,0,3
27,8,COGUBL,7,7,0,0,0,1,0,0,0,0,0,6,0,0,0,1,6,0,0,0,0,0,6,0,0,1,0,0,1,6,0,0,6,0,0,0,1,0,6,0,0,1,5,1,0,1,0,0,0,0,0,0,0,6,1,0,0,0,0,0,0,7,0,0,7,0,0,0,7,0,0,7,0,0,7,0,0,7,0,0,0,0,0,0,0,0,0,0,0,0,0,0,0,6,1,0,0,6,1,0,0,6,1,0,0,6,1,0,0,6,1,0,0,6,1,0,0,6,1,0,0,6,1,0,0,6,1,0,0,6,1,0,0,3,4,0,0,5,2,0,0,7,0,0,0,6,1,0,0,7,0,0,0,4,3,0,0,6,1,0,0
27,9,COHS74,40,31,0,0,0,10,0,0,0,1,0,20,0,0,0,8,20,1,0,2,6,2,19,0,3,0,1,0,8,22,0,1,21,5,3,0,2,4,20,5,0,2,19,10,0,2,0,0,0,0,0,0,0,22,8,0,1,0,0,0,0,28,0,3,24,5,0,2,29,0,2,29,0,2,29,0,2,30,0,1,24,1,0,6,0,0,0,0,0,0,0,0,0,24,2,0,5,21,5,0,5,22,3,0,6,21,3,0,7,24,1,0,6,24,2,0,5,23,3,0,5,23,1,0,7,21,5,0,5,23,3,0,5,10,20,0,1,22,8,0,1,19,11,0,1,9,18,0,4,25,5,0,1,20,7,0,4,19,11,0,1
27,10,COHV28,29,28,0,0,0,3,0,0,0,0,0,25,0,0,0,3,23,0,0,2,3,4,15,0,5,0,1,1,3,24,0,0,22,4,0,0,2,2,22,2,0,2,0,0,0,0,0,0,0,0,22,0,6,0,0,0,0,0,0,0,0,20,0,8,22,4,0,2,24,0,4,24,0,4,24,0,4,22,0,6,0,0,0,0,0,0,0,0,0,0,0,0,0,21,1,0,6,20,2,0,6,19,3,0,6,19,2,0,7,20,1,0,7,19,1,0,8,20,1,0,7,20,1,0,7,19,2,0,7,19,2,0,7,7,20,0,1,19,7,0,2,14,11,0,3,14,11,0,3,18,8,0,2,15,10,0,3,11,15,0,2
27,11,COHV29,8,8,0,0,0,1,0,0,0,0,0,7,0,0,0,1,6,1,0,0,1,0,4,0,3,0,0,1,1,6,0,0,7,0,1,0,0,0,7,1,0,0,7,1,0,0,0,0,0,0,6,0,2,0,0,0,0,0,0,0,0,7,0,1,5,1,0,2,8,0,0,8,0,0,6,0,2,6,0,2,0,0,0,0,0,0,0,0,0,0,0,0,0,7,1,0,0,7,1,0,0,5,1,0,2,5,1,0,2,5,1,0,2,5,1,0,2,5,1,0,2,7,1,0,0,5,1,0,2,7,1,0,0,2,6,0,0,2,4,0,2,2,4,0,2,4,4,0,0,7,1,0,0,2,4,0,2,1,7,0,0
27,12,COLEED,223,198,0,0,0,28,0,4,0,0,0,164,2,0,0,23,143,15,0,17,24,7,142,12,2,0,11,10,25,153,0,10,147,19,4,0,28,17,147,13,0,21,0,0,0,0,0,0,0,0,152,0,46,0,0,0,0,0,0,0,0,152,0,46,154,24,0,20,159,0,39,158,0,40,156,0,42,148,0,50,0,0,0,0,0,0,0,0,0,0,0,0,0,129,31,0,38,124,34,0,40,131,28,0,39,120,37,0,41,124,34,0,40,122,35,0,41,120,38,0,40,126,31,1,40,124,34,0,40,131,28,0,39,71,111,0,16,120,57,0,21,115,65,0,18,77,97,0,24,156,27,0,15,98,74,0,26,102,80,0,16
27,13,CONCF,133,123,0,0,0,9,0,0,0,0,0,111,2,0,1,8,86,18,0,11,7,6,75,7,26,0,2,6,9,105,0,3,104,11,3,0,5,10,103,5,0,5,99,10,0,14,0,0,0,0,0,0,0,0,0,0,0,111,10,0,2,105,0,18,94,25,0,4,108,0,15,109,0,14,110,0,13,109,0,14,89,13,0,21,0,0,0,0,0,0,0,0,0,83,23,0,17,80,28,0,15,80,25,0,18,80,25,0,18,78,29,0,16,77,28,0,18,80,26,0,17,78,28,0,17,75,29,0,19,79,25,0,19,27,93,0,3,66,52,0,5,58,61,0,4,32,85,0,6,89,30,0,4,51,68,0,4,26,93,0,4
27,14,CONH,793,732,0,0,2,96,6,16,1,1,0,605,0,0,5,91,557,39,0,45,81,22,548,38,20,0,23,38,91,577,0,26,564,63,27,0,78,60,559,46,0,67,0,0,0,0,0,0,0,0,613,0,119,0,0,0,0,0,0,0,0,585,0,147,583,78,1,70,618,0,114,620,0,112,619,0,113,595,0,137,0,0,0,0,0,0,0,0,0,0,0,0,0,510,97,0,125,507,98,0,127,514,90,0,128,494,98,0,140,497,91,0,144,489,101,0,142,472,113,0,147,488,99,0,145,487,102,1,142,491,102,0,139,280,416,0,36,497,170,0,65,461,218,0,53,339,317,0,76,548,144,2,38,386,258,0,88,268,411,0,53
27,15,COPINE,187,186,0,0,1,27,0,0,0,0,0,157,1,0,0,13,152,8,0,13,10,3,157,10,3,0,3,6,18,159,0,3,160,11,6,0,9,7,157,11,0,11,161,15,0,10,0,0,0,0,0,0,0,0,0,0,0,158,20,0,8,168,0,18,152,23,0,11,170,0,16,176,0,10,172,0,14,173,0,13,157,3,0,26,0,0,0,0,0,0,0,0,0,136,16,0,34,136,14,0,36,140,12,0,34,133,16,0,37,136,14,0,36,139,12,0,35,132,17,1,36,138,12,0,36,137,11,0,38,138,12,0,36,76,103,0,7,131,38,0,17,128,42,0,16,85,78,0,23,146,28,0,12,114,50,0,22,79,90,0,17
27,16,COPINE:02,0,0,0,0,0,0,0,0,0,0,0,0,0,0,0,0,0,0,0,0,0,0,0,0,0,0,0,0,0,0,0,0,0,0,0,0,0,0,0,0,0,0,0,0,0,0,0,0,0,0,0,0,0,0,0,0,0,0,0,0,0,0,0,0,0,0,0,0,0,0,0,0,0,0,0,0,0,0,0,0,0,0,0,0,0,0,0,0,0,0,0,0,0,0,0,0,0,0,0,0,0,0,0,0,0,0,0,0,0,0,0,0,0,0,0,0,0,0,0,0,0,0,0,0,0,0,0,0,0,0,0,0,0,0,0,0,0,0,0,0,0,0,0,0,0,0,0,0,0,0,0,0,0,0,0,0,0,0,0,0,0
27,17,COSN28,36,32,0,0,0,21,0,0,0,1,0,9,1,0,0,17,9,2,0,4,17,1,9,1,2,0,2,1,17,10,0,4,13,2,8,0,9,2,11,7,0,12,0,0,0,0,0,0,0,0,13,0,19,0,0,0,0,0,0,0,0,10,0,22,13,7,0,12,11,0,21,11,0,21,11,0,21,9,0,23,0,0,0,0,0,0,0,0,0,0,0,0,0,11,7,0,14,10,8,0,14,13,6,0,13,11,8,0,13,11,8,0,13,12,7,0,13,7,10,0,15,8,9,0,15,9,9,0,14,8,9,0,15,22,8,0,2,21,6,0,5,27,3,0,2,13,13,0,6,19,11,0,2,16,9,0,7,22,7,0,3
27,18,COVE,325,293,0,0,0,33,1,2,0,0,0,256,1,0,0,30,232,12,0,19,28,24,193,15,26,1,6,27,31,224,0,11,224,27,14,0,28,32,222,16,0,23,237,35,0,21,0,0,0,0,0,0,0,0,0,0,0,238,40,0,15,238,0,55,210,67,0,16,248,0,45,247,0,46,248,0,45,251,0,42,195,44,0,54,0,0,0,0,0,0,0,0,0,180,52,0,61,178,52,0,63,186,44,0,63,177,53,1,62,186,45,0,62,185,45,0,63,179,52,1,61,182,52,0,59,187,50,0,56,188,44,0,61,88,192,0,13,183,91,0,19,172,101,0,20,96,174,0,23,237,42,0,14,130,137,0,26,115,161,0,17
27,19,COWH,732,657,0,1,1,94,0,11,0,1,0,539,7,1,2,90,493,24,0,50,92,25,454,25,35,2,24,39,98,493,0,27,513,45,39,0,60,43,506,54,1,53,504,102,0,51,0,0,0,0,0,0,0,0,0,0,0,515,113,0,29,541,0,116,504,97,0,56,557,0,100,562,0,95,554,0,103,553,0,104,0,0,0,0,417,132,0,108,0,0,0,0,0,466,73,1,117,454,78,2,123,464,72,0,121,455,81,0,121,461,74,1,121,463,72,0,122,432,101,0,124,463,79,1,114,471,70,0,116,472,69,0,116,251,377,0,29,437,155,0,65,418,185,0,54,306,276,0,75,494,123,0,40,356,223,0,78,294,313,0,50
27,20,EN82,1073,962,0,0,4,47,1,18,2,0,0,877,8,1,4,44,797,51,1,69,49,28,690,57,116,1,21,40,49,840,0,33,828,63,21,0,50,72,795,49,0,46,851,56,0,55,0,0,0,0,0,0,0,0,0,0,0,868,64,0,30,871,0,91,836,81,0,45,891,0,71,888,0,74,881,0,81,870,0,92,809,57,0,96,0,0,0,0,0,0,0,0,0,708,130,0,124,707,128,0,127,713,122,0,127,691,139,2,130,706,125,0,131,704,125,0,133,682,145,0,135,715,121,0,126,717,119,0,126,727,114,0,121,237,695,0,30,630,286,1,45,555,364,0,43,438,466,0,58,772,160,0,30,454,446,0,62,310,615,1,36
27,21,HIL97,416,318,0,1,1,25,0,3,0,0,0,284,3,0,1,23,243,28,0,24,23,17,185,47,34,0,12,41,22,236,0,19,244,25,19,0,30,34,231,31,0,22,0,0,0,0,0,0,0,0,252,0,66,0,0,0,0,0,0,0,0,265,0,53,234,58,0,26,260,0,58,259,0,59,262,0,56,251,0,67,0,0,0,0,0,0,0,0,0,0,0,0,0,191,70,0,57,188,74,0,56,190,72,0,56,180,78,0,60,188,69,0,61,188,66,0,64,177,78,0,63,183,75,0,60,183,75,0,60,188,66,0,64,87,212,0,19,187,110,0,21,153,141,0,24,148,142,0,28,250,57,0,11,131,155,0,32,148,146,0,24
27,22,HU52,994,879,0,1,3,166,4,26,0,0,0,666,10,0,3,143,598,65,0,73,141,20,559,63,65,1,30,73,152,619,0,35,629,98,46,0,106,101,608,85,0,85,0,0,0,0,0,0,0,0,683,0,196,0,0,0,0,0,0,0,0,675,0,204,666,117,0,96,698,0,181,700,0,179,702,0,177,687,0,192,0,0,0,0,0,0,0,0,0,0,0,0,0,593,136,1,149,585,140,0,154,595,129,0,155,571,143,2,163,579,134,0,166,569,138,0,172,546,163,0,170,584,130,0,165,592,121,0,166,585,129,0,165,331,504,0,44,591,228,0,60,562,263,0,54,440,365,0,74,657,180,0,42,473,320,0,86,399,427,0,53
27,23,HU53,1064,977,0,0,3,181,0,19,0,1,0,761,5,0,7,148,689,56,0,84,145,31,636,59,61,2,43,55,147,728,0,47,726,88,55,0,108,70,710,91,0,106,0,0,0,0,0,0,0,0,810,0,167,0,0,0,0,0,0,0,0,790,0,187,742,143,0,92,801,0,176,807,0,170,800,0,177,785,0,192,0,0,0,0,0,0,0,0,0,0,0,0,0,691,132,0,154,668,152,2,155,706,124,0,147,684,132,0,161,689,128,0,160,690,126,0,161,648,164,0,165,679,137,1,160,680,133,0,164,684,127,0,166,410,521,0,46,726,181,0,70,663,254,0,60,517,378,0,82,786,150,0,41,588,300,1,88,492,434,1,50
27,24,HU54,1102,1015,1,0,2,168,2,21,0,1,0,807,11,0,3,145,751,45,0,74,129,26,722,55,51,0,32,46,150,780,0,39,785,85,42,0,103,63,778,73,0,101,0,0,0,0,0,0,0,0,841,0,174,0,0,0,0,0,0,0,0,828,0,187,788,127,1,99,841,0,174,852,0,163,848,0,167,834,0,181,0,0,0,0,0,0,0,0,0,0,0,0,0,722,134,0,159,719,134,1,161,732,123,0,160,691,142,0,182,712,121,0,182,692,133,1,189,659,161,0,195,704,130,0,181,708,126,0,181,685,138,0,192,421,537,0,57,743,194,0,78,726,209,0,80,527,383,2,103,805,160,0,50,576,319,0,120,446,502,0,67
27,25,HU55,806,706,0,0,1,110,4,11,1,2,0,569,6,0,2,92,501,40,0,73,82,28,458,28,64,0,46,42,111,508,0,45,505,70,33,0,98,56,513,53,0,84,0,0,0,0,0,0,0,0,554,0,152,0,0,0,0,0,0,0,0,538,0,168,509,108,0,89,563,0,143,568,0,138,563,0,143,551,0,155,0,0,0,0,0,0,0,0,0,0,0,0,0,451,109,0,146,463,98,0,145,468,93,0,145,451,98,1,156,457,95,1,153,462,84,0,160,449,97,0,160,452,98,0,156,452,91,0,163,449,94,0,163,278,383,0,45,474,154,0,78,449,179,0,78,312,300,0,94,544,114,0,48,368,238,0,100,340,305,0,61
27,26,HU56,1418,1311,0,1,2,357,1,18,1,1,1,915,9,0,5,304,845,47,1,114,300,21,861,44,39,2,44,48,320,881,0,62,958,106,85,0,162,93,967,104,0,147,0,0,0,0,0,0,0,0,1009,0,302,0,0,0,0,0,0,0,0,994,0,317,959,198,0,154,1038,0,273,1048,0,263,1037,0,274,1019,0,292,0,0,0,0,0,0,0,0,0,0,0,0,0,866,198,1,246,837,223,0,251,881,186,0,244,832,213,2,264,854,194,0,263,867,186,1,257,803,244,0,264,828,218,1,264,849,198,0,264,858,193,0,260,604,627,0,80,945,246,0,120,895,311,0,105,648,493,1,169,992,231,0,88,695,447,0,169,633,571,0,107
27,27,HU57,1147,997,0,0,1,261,5,15,0,4,0,703,6,0,2,220,638,54,0,85,224,24,626,42,46,2,33,52,235,653,0,57,698,102,60,0,137,82,686,115,0,114,683,244,0,70,0,0,0,0,794,0,203,0,0,0,0,0,0,0,0,782,0,215,712,165,0,120,795,0,202,808,0,189,792,0,205,778,0,219,0,0,0,0,0,0,0,0,0,0,0,0,0,687,149,0,161,670,163,1,163,685,133,1,178,657,159,0,181,659,156,0,182,672,141,0,184,629,183,0,185,669,149,0,179,671,143,0,183,675,142,0,180,439,499,0,59,686,221,0,90,704,227,0,66,511,375,0,111,718,207,1,71,540,337,0,120,514,407,0,76
27,28,HU58,1154,1039,0,1,1,143,5,21,1,4,1,857,2,0,3,125,764,61,1,88,119,33,688,55,86,0,58,68,121,800,0,50,765,109,48,0,117,98,763,69,1,108,0,0,0,0,0,0,0,0,801,0,238,0,0,0,0,0,0,0,0,817,0,222,782,158,0,99,850,0,189,853,0,186,853,0,186,836,0,203,0,0,0,0,0,0,0,0,0,0,0,0,0,728,133,1,177,714,143,1,181,731,128,0,180,701,141,0,197,703,140,0,196,700,140,0,199,690,149,1,199,710,136,0,193,713,131,1,194,718,130,0,191,421,562,1,55,722,238,0,79,684,277,0,78,487,436,0,116,809,170,0,60,565,355,0,119,451,508,0,80
27,29,HU59,1211,1104,0,2,7,256,6,17,0,2,0,809,3,0,2,223,763,56,0,62,224,27,737,49,45,0,22,67,243,762,0,32,825,104,60,0,115,86,804,108,0,106,0,0,0,0,0,0,0,0,888,0,216,0,0,0,0,0,0,0,0,885,0,219,823,177,0,104,914,0,190,916,0,188,911,0,193,897,0,207,0,0,0,0,0,0,0,0,0,0,0,0,0,785,153,0,166,786,158,0,160,815,131,0,158,766,159,0,179,777,148,1,178,787,140,0,177,752,172,0,180,785,149,0,170,794,134,0,176,795,134,0,175,486,563,1,54,768,248,0,88,737,290,0,77,537,464,0,103,840,209,0,55,616,382,0,106,557,486,0,61
27,30,HU60,952,884,0,0,3,156,2,6,0,2,0,705,8,0,2,139,649,26,0,70,130,17,666,29,30,1,11,40,153,665,0,26,706,59,41,0,78,45,700,65,0,74,687,143,0,54,0,0,0,0,740,0,144,0,0,0,0,0,0,0,0,732,0,152,697,100,1,86,733,0,151,738,0,146,732,0,152,717,0,167,0,0,0,0,0,0,0,0,0,0,0,0,0,633,110,0,141,620,121,0,143,618,109,0,157,590,129,0,165,599,123,0,162,606,117,0,161,573,148,0,163,596,130,1,157,602,117,2,163,601,126,0,157,349,481,0,54,630,181,0,73,582,232,0,70,462,335,0,87,663,164,0,57,512,275,0,97,369,456,0,59
27,31,HU61,1128,1014,0,0,2,157,1,11,0,2,1,833,4,2,1,134,765,40,0,75,136,41,695,48,69,1,24,51,148,774,0,41,793,79,43,0,99,59,785,82,0,88,804,144,0,66,0,0,0,0,850,0,164,0,0,0,0,0,0,0,0,840,0,174,790,129,1,94,845,0,169,850,0,164,848,0,166,830,0,184,0,0,0,0,0,0,0,0,0,0,0,0,0,706,146,0,162,689,162,0,163,703,135,1,175,687,150,0,177,699,137,0,178,689,140,0,185,660,169,1,184,685,145,0,184,687,144,0,183,700,140,0,174,385,575,1,53,721,203,0,90,680,264,0,70,481,421,1,111,785,181,0,48,543,355,0,116,472,485,0,57
27,32,IV76,865,790,0,1,4,223,2,11,4,0,1,531,5,1,7,189,507,37,0,57,184,18,508,30,32,0,18,34,210,522,0,24,565,73,58,0,94,58,563,79,0,90,538,212,0,40,0,0,0,0,0,0,0,537,222,0,31,0,0,0,0,628,0,162,561,125,0,104,642,0,148,638,0,152,631,0,159,635,0,155,580,42,0,168,0,0,0,0,0,0,0,0,0,525,101,0,164,511,110,0,169,536,84,0,170,516,100,0,174,531,85,1,173,528,87,0,175,495,122,0,173,520,100,1,169,522,95,1,172,521,99,0,170,394,360,0,36,552,168,0,70,568,163,0,59,428,266,0,96,549,186,0,55,459,232,0,99,370,362,0,58
27,33,IV77,1478,1340,0,1,4,398,8,36,0,2,0,883,3,0,5,340,805,86,1,108,323,44,816,69,49,0,39,98,373,818,1,50,933,129,124,0,154,102,919,174,0,145,883,371,0,86,0,0,0,0,0,0,0,872,402,0,66,0,0,0,0,1057,0,283,978,220,0,142,1083,0,257,1079,0,261,1058,0,282,1060,0,280,997,76,0,267,0,0,0,0,0,0,0,0,0,875,225,2,238,832,252,1,255,876,209,2,253,855,231,0,254,866,221,0,253,871,212,0,257,805,272,0,263,866,231,0,243,864,223,0,253,865,219,0,256,626,635,0,79,920,300,0,120,934,305,0,101,675,503,0,162,957,296,0,87,727,450,0,163,640,600,0,100
27,34,IV78,1334,1286,0,0,5,594,2,15,0,2,0,649,9,1,9,546,628,36,0,76,511,23,667,38,27,2,18,42,554,664,0,26,820,103,120,0,243,87,822,116,0,261,686,536,0,64,0,0,0,0,0,0,0,692,552,1,41,0,0,0,0,860,0,426,823,223,0,240,887,0,399,893,0,393,883,0,403,880,0,406,847,44,0,395,0,0,0,0,0,0,0,0,0,788,183,0,315,740,223,0,323,819,157,0,310,781,186,0,319,812,158,0,316,812,157,1,316,695,257,1,333,794,184,0,308,790,179,0,317,786,185,0,315,835,399,0,52,993,186,0,107,1014,190,1,81,723,429,0,134,692,515,0,79,805,340,0,141,563,645,1,77
27,35,IV79,1064,971,0,0,3,266,4,15,0,1,0,667,10,1,4,218,630,48,0,75,219,32,623,36,34,2,25,52,236,648,0,35,674,96,80,0,121,77,690,93,0,111,671,237,0,63,0,0,0,0,0,0,0,666,250,1,54,0,0,0,0,775,0,196,712,161,0,98,794,0,177,803,0,168,788,0,183,792,0,179,746,58,0,167,0,0,0,0,0,0,0,0,0,640,141,0,190,606,165,0,200,653,119,0,199,639,131,1,200,632,138,0,201,633,137,0,201,590,179,0,202,642,133,0,196,637,136,0,198,632,142,0,197,467,465,0,39,708,194,0,69,700,214,0,57,525,361,0,85,719,206,0,46,567,317,0,87,482,435,0,54
27,36,IV80,1162,1095,0,1,2,351,2,15,0,5,0,694,15,2,8,317,673,27,0,78,300,23,666,46,31,2,27,51,319,684,0,41,778,88,91,0,138,96,782,87,0,130,721,317,0,57,0,0,0,0,0,0,0,709,343,0,43,0,0,0,0,840,0,255,786,158,1,150,858,0,237,860,0,235,840,0,255,846,0,249,803,63,0,229,0,0,0,0,0,0,0,0,0,751,125,0,219,718,149,0,228,757,109,0,229,735,133,1,226,757,107,0,231,758,111,0,226,696,174,1,224,738,131,1,225,747,119,0,229,744,127,0,224,628,417,0,50,817,192,0,86,817,202,1,75,623,351,0,121,734,292,0,69,679,292,0,124,530,497,0,68
27,37,LA85,810,713,0,1,2,145,2,20,1,2,0,535,1,2,2,113,494,45,0,61,119,23,460,38,38,2,33,46,127,496,0,44,520,62,38,0,93,56,501,66,0,90,0,0,0,0,0,0,0,0,557,0,156,0,0,0,0,0,0,0,0,548,0,165,521,107,0,85,562,0,151,562,0,151,570,0,143,550,0,163,0,0,0,0,0,0,0,0,0,0,0,0,0,474,116,2,121,469,126,0,118,489,104,0,120,447,135,0,131,465,114,0,134,461,114,0,138,435,138,1,139,452,127,1,133,460,120,0,133,468,109,0,136,291,377,0,45,501,146,0,66,455,195,0,63,317,317,0,79,553,111,0,49,388,242,0,83,358,296,0,59
27,38,LA86,719,601,0,2,0,126,4,10,2,0,0,446,8,1,2,121,403,33,0,44,117,28,368,39,35,0,14,51,121,410,0,19,416,74,41,0,70,73,419,53,0,56,0,0,0,0,0,0,0,0,470,0,131,0,0,0,0,0,0,0,0,469,0,132,424,111,0,66,474,0,127,475,0,126,476,0,125,462,0,139,0,0,0,0,0,0,0,0,0,0,0,0,0,417,91,0,93,413,92,0,96,417,85,1,98,409,91,0,101,413,88,0,100,416,82,0,103,390,111,0,100,420,84,0,97,413,89,0,99,413,88,0,100,238,335,0,28,434,121,0,46,410,151,0,40,319,224,0,58,474,93,0,34,330,203,0,68,275,283,0,43
27,39,LA87,643,573,0,1,1,84,2,23,3,1,1,450,7,0,0,81,409,41,0,42,81,24,372,42,38,1,15,36,83,424,0,30,401,66,38,0,68,49,401,54,0,69,0,0,0,0,0,0,0,0,445,0,128,0,0,0,0,0,0,0,0,442,0,131,436,76,0,61,460,0,113,460,0,113,458,0,115,447,0,126,0,0,0,0,0,0,0,0,0,0,0,0,0,378,93,1,101,380,89,0,104,388,84,0,101,376,83,0,114,376,87,0,110,370,93,0,110,358,101,0,114,367,97,0,109,368,91,0,114,374,86,0,113,210,329,0,34,411,118,0,44,382,149,1,41,279,236,0,58,459,95,0,19,301,211,0,61,278,258,0,37
27,40,LE90,621,591,0,0,0,105,0,4,0,0,0,477,4,0,1,86,433,25,0,47,84,23,408,26,36,0,14,26,88,449,0,28,449,60,26,0,56,54,439,44,0,54,0,0,0,0,0,0,0,0,486,0,105,0,0,0,0,0,0,0,0,466,0,125,462,82,0,47,494,0,97,494,0,97,492,0,99,480,0,111,0,0,0,0,0,0,0,0,0,0,0,0,0,400,89,0,102,393,89,0,109,408,75,0,108,400,69,0,122,401,68,0,122,405,64,1,121,376,92,1,122,399,69,0,123,400,66,0,125,405,66,0,120,212,348,1,30,397,141,0,53,371,170,0,50,232,304,0,55,455,99,0,37,300,217,0,74,226,328,0,37
27,41,NH93,159,153,0,0,0,16,0,3,0,0,0,134,0,0,0,12,128,4,0,9,14,4,127,6,0,0,2,5,13,134,0,1,127,13,9,0,4,18,125,6,0,4,0,0,0,0,0,0,0,0,139,0,14,0,0,0,0,0,0,0,0,136,0,17,137,11,0,5,141,0,12,140,0,13,140,0,13,139,0,14,0,0,0,0,0,0,0,0,0,0,0,0,0,127,7,0,19,120,10,0,23,126,7,0,20,125,11,0,17,125,10,1,17,127,8,0,18,118,17,0,18,129,8,0,16,127,10,0,16,124,12,0,17,69,81,0,3,113,34,0,6,113,36,0,4,76,70,0,7,115,35,0,3,104,44,0,5,73,76,0,4
27,42,RC94,172,162,0,0,2,95,1,2,0,2,0,58,1,0,1,83,60,6,0,13,90,1,63,1,2,1,4,7,86,57,0,12,67,17,20,0,58,15,71,22,0,54,0,0,0,0,0,0,0,0,84,0,78,0,0,0,0,0,0,0,0,70,0,92,64,48,0,50,76,0,86,82,0,80,80,0,82,77,0,85,0,0,0,0,0,0,0,0,0,0,0,0,0,76,39,0,47,79,36,0,47,89,28,0,45,76,40,0,46,85,31,0,46,88,29,0,45,71,44,0,47,78,38,0,46,80,34,0,48,80,35,0,47,118,38,0,6,120,32,0,10,132,20,0,10,74,66,0,22,79,70,0,13,88,49,0,25,59,89,0,14
27,43,SC71,1411,1297,0,0,5,181,3,26,1,5,0,1056,17,0,3,138,1009,44,0,106,138,19,992,55,50,0,43,45,152,1051,0,49,1056,83,49,0,109,74,1035,91,0,97,1049,164,0,84,0,0,0,0,0,0,0,1075,167,0,55,0,0,0,0,1126,0,171,1091,117,2,87,1165,0,132,1159,0,138,1175,0,122,1146,0,151,1093,55,0,149,0,0,0,0,0,0,0,0,0,953,108,0,236,923,127,1,246,943,104,0,250,924,120,0,253,938,110,1,248,936,114,0,247,902,145,1,249,986,106,2,203,946,114,1,236,964,104,0,229,567,665,0,65,945,237,0,115,932,262,0,103,718,426,0,153,1012,198,0,87,787,343,0,167,663,535,0,99
27,44,SC72,781,701,1,2,2,137,0,24,1,1,0,525,5,0,4,125,497,28,0,51,107,33,479,38,18,2,24,36,130,501,0,34,528,65,41,0,67,63,501,66,0,71,520,134,0,47,0,0,0,0,0,0,0,525,139,0,37,0,0,0,0,575,0,126,545,92,0,64,587,0,114,587,0,114,571,0,130,582,0,119,530,44,0,127,0,0,0,0,0,0,0,0,0,497,72,0,132,495,68,0,138,499,58,1,143,486,68,0,147,484,66,0,151,493,58,1,149,468,84,0,149,506,61,0,134,495,64,0,142,495,66,0,140,295,372,0,34,486,158,0,57,476,174,0,51,392,236,0,73,530,128,0,43,405,219,0,77,343,309,0,49
27,45,SC73,1049,964,0,1,5,193,2,24,0,1,1,723,10,0,4,172,674,53,0,65,158,24,680,35,48,2,17,55,173,704,0,32,715,88,71,0,90,65,715,93,0,91,719,178,0,67,0,0,0,0,0,0,0,731,193,0,40,0,0,0,0,810,0,154,749,140,0,75,819,0,145,822,0,142,818,0,146,819,0,145,758,49,0,157,0,0,0,0,0,0,0,0,0,727,104,0,133,694,124,0,146,718,102,1,143,684,133,1,146,705,114,0,145,708,105,0,151,659,155,0,150,756,98,0,110,719,103,0,142,696,116,0,152,449,476,0,39,716,171,2,75,687,219,0,58,525,340,0,99,727,177,1,59,582,286,0,96,474,437,0,53
27,46,SC74,1302,1195,0,0,7,269,1,29,2,1,0,868,10,0,8,235,820,48,1,91,200,35,847,34,43,1,35,55,241,848,0,51,909,98,61,0,127,74,919,80,1,121,879,225,0,91,0,0,0,0,0,0,0,892,247,0,56,0,0,0,0,1005,0,190,945,134,0,116,1013,0,182,1017,0,178,1007,0,188,1010,0,185,940,60,0,195,0,0,0,0,0,0,0,0,0,871,130,0,194,845,146,0,204,869,124,0,202,852,145,0,198,850,140,0,205,857,131,0,207,809,176,1,209,911,125,0,159,864,131,0,200,856,138,0,201,563,564,0,68,852,234,0,109,846,258,0,91,669,402,0,124,877,235,1,82,694,369,0,132,606,495,1,93
27,47,SG01,796,715,1,1,2,203,1,13,0,1,1,485,1,3,4,177,451,29,0,58,176,14,456,28,19,3,19,37,182,472,0,24,511,83,45,0,76,73,497,73,0,72,475,191,0,49,603,13,0,99,0,0,0,0,0,0,0,0,0,0,0,600,0,115,522,121,0,72,593,0,122,598,0,117,588,0,127,580,0,135,0,0,0,0,0,0,0,0,0,0,0,0,0,515,109,0,91,481,112,0,122,489,102,0,124,468,120,0,127,480,112,0,123,489,97,1,128,478,107,1,129,483,105,0,127,484,103,0,128,490,101,0,124,326,351,0,38,502,153,0,60,479,178,0,58,332,306,0,77,521,147,0,47,397,244,0,74,411,255,0,49
27,48,SG02,810,749,0,2,4,178,1,17,0,2,1,542,0,0,2,160,487,44,0,58,157,12,481,41,39,1,18,57,149,511,1,31,514,97,46,0,92,71,511,88,0,79,511,180,0,58,0,0,0,0,0,0,0,0,0,0,0,513,192,0,44,608,0,141,553,126,0,70,611,0,138,613,0,136,598,0,151,610,0,139,0,0,0,0,569,30,1,149,0,0,0,0,0,502,103,1,143,477,121,0,151,502,100,0,147,482,117,0,150,492,106,0,151,490,108,1,150,466,133,0,150,495,104,0,150,499,99,1,150,498,106,0,145,321,390,0,38,530,155,0,64,507,181,0,61,358,306,0,85,533,167,0,49,408,251,0,90,370,325,0,54
27,49,SG03,674,608,0,0,6,160,3,19,1,1,1,409,5,0,3,137,371,56,0,44,125,23,362,47,28,0,23,71,120,390,0,27,400,82,32,0,94,67,398,74,0,69,414,139,0,55,0,0,0,0,0,0,0,0,0,0,0,412,161,0,35,491,0,117,423,114,0,71,505,0,103,500,0,108,490,0,118,488,0,120,0,0,0,0,467,43,0,98,0,0,0,0,0,376,103,0,129,371,101,0,136,376,95,0,137,368,103,0,137,375,99,0,134,380,94,0,134,360,112,0,136,382,100,0,126,383,95,0,130,394,92,0,122,288,290,0,30,395,153,0,60,395,164,0,49,276,260,0,72,428,141,1,38,308,220,0,80,291,271,0,46
27,50,SG04,608,556,0,3,2,148,4,15,2,1,1,374,4,0,2,128,342,39,0,47,132,25,316,37,23,1,22,58,131,335,0,32,358,62,57,0,79,62,352,74,0,68,367,152,0,37,0,0,0,0,0,0,0,0,0,0,0,380,150,0,26,436,0,120,370,123,0,63,450,0,106,445,0,111,449,0,107,437,0,119,0,0,0,0,395,31,0,130,0,0,0,0,0,352,94,2,108,341,105,0,110,358,87,0,111,349,91,0,116,355,88,0,113,357,86,0,113,322,115,1,118,356,90,0,110,351,90,0,115,358,85,0,113,264,262,0,30,376,120,1,59,388,119,0,49,273,206,0,77,401,116,0,39,309,162,0,85,309,203,1,43
27,51,SG05,640,566,0,1,2,125,0,16,0,5,0,412,4,0,1,118,376,32,0,40,114,10,370,27,24,1,20,42,119,385,0,20,409,50,51,0,56,36,402,72,0,56,398,127,0,41,0,0,0,0,0,0,0,0,0,0,0,410,135,0,21,449,0,117,409,102,0,55,467,0,99,465,0,101,461,0,105,456,0,110,0,0,0,0,449,22,0,95,0,0,0,0,0,382,74,0,110,364,83,0,119,383,67,0,116,369,74,0,123,383,64,0,119,380,66,0,120,353,87,1,125,372,79,0,115,383,66,0,117,374,75,0,117,270,255,0,41,397,109,0,60,379,127,2,58,299,195,0,72,407,112,1,46,304,183,0,79,289,226,0,51
27,52,SG06,748,670,0,1,6,197,4,11,0,3,0,434,9,0,5,166,404,41,0,59,157,23,405,41,17,0,27,57,166,405,0,42,439,69,67,0,95,69,407,105,0,89,425,192,0,53,0,0,0,0,0,0,0,0,0,0,0,444,182,0,44,538,0,132,480,110,1,79,548,0,122,551,0,119,540,0,130,545,0,125,0,0,0,0,526,31,0,113,0,0,0,0,0,429,101,0,140,426,101,0,143,437,91,0,142,429,101,0,140,421,104,0,145,432,92,1,145,417,109,0,144,432,94,1,143,430,93,0,147,443,92,0,135,325,291,2,52,464,129,1,76,457,140,0,73,373,203,0,94,465,131,1,73,364,195,0,111,379,222,0,69
27,53,SG07,836,709,0,2,2,179,1,25,2,3,0,485,6,3,1,154,445,38,0,72,145,22,452,41,17,0,32,45,157,467,0,40,480,77,50,0,102,64,474,85,0,86,487,167,0,55,0,0,0,0,0,0,0,0,0,0,0,494,171,0,44,563,0,146,493,125,1,90,558,0,151,564,0,145,549,0,160,553,0,156,0,0,0,0,557,20,0,132,0,0,0,0,0,471,89,0,149,462,88,0,159,473,76,0,160,455,94,0,160,459,86,1,163,468,79,0,162,441,106,0,162,475,78,0,156,465,87,0,157,482,80,0,147,335,330,0,44,478,144,0,87,489,145,0,75,377,228,0,104,489,149,1,70,393,203,0,113,407,237,0,65
27,54,SG08,856,775,0,0,2,210,4,14,1,3,0,534,5,1,1,170,485,48,1,71,170,33,460,54,26,1,31,65,174,498,0,38,515,91,63,0,106,66,499,114,1,95,520,198,0,57,0,0,0,0,0,0,0,0,0,0,0,524,207,0,44,602,0,173,543,137,0,95,614,0,161,616,0,159,617,0,158,610,0,165,0,0,0,0,556,43,0,176,0,0,0,0,0,522,117,0,136,500,133,0,142,510,117,0,148,495,132,0,148,506,121,1,147,507,122,0,146,487,139,0,149,511,114,0,150,510,116,0,149,518,108,0,149,376,353,0,46,532,164,0,79,533,178,1,63,378,297,1,99,553,170,0,52,412,252,0,111,438,276,0,61
27,55,SG09,1149,1031,1,0,2,323,0,25,3,1,0,660,7,3,7,275,637,41,1,77,252,23,668,38,23,1,26,41,301,653,0,36,701,104,90,0,136,85,706,114,0,126,681,292,0,58,0,0,0,0,0,0,0,0,0,0,0,668,313,0,50,830,0,201,739,173,0,119,845,0,186,849,0,182,836,0,195,836,0,195,0,0,0,0,0,0,0,0,0,0,0,0,0,718,147,0,166,706,148,0,177,725,123,0,183,684,164,0,183,719,129,1,182,720,127,0,184,670,174,1,186,710,141,0,180,714,130,1,186,701,146,0,184,523,448,0,60,751,196,0,84,735,224,0,72,545,360,0,126,735,214,0,82,593,321,1,116,562,396,0,73
27,56,SG10,482,440,0,0,2,98,1,10,1,0,0,323,2,2,1,89,303,19,0,29,77,10,318,16,8,2,9,19,88,319,0,14,337,36,21,0,46,36,325,41,0,38,322,92,0,26,0,0,0,0,0,0,0,0,0,0,0,328,98,0,14,361,0,79,347,55,1,37,370,0,70,369,0,71,369,0,71,365,0,75,0,0,0,0,328,43,0,69,0,0,0,0,0,302,66,1,71,301,67,0,72,307,57,0,76,303,60,0,77,302,62,0,76,310,54,0,76,281,82,0,77,303,64,0,73,303,60,0,77,296,66,0,78,220,199,0,21,329,78,0,33,325,88,0,27,246,158,0,36,313,99,0,28,259,141,0,40,205,204,0,31
27,57,SG11,1034,950,0,1,4,249,0,21,0,4,0,664,4,2,1,227,609,50,0,64,201,32,613,55,24,1,24,69,220,629,0,32,685,84,58,0,123,72,659,113,0,106,640,252,0,58,0,0,0,0,0,0,0,0,0,0,0,663,253,0,34,746,0,204,693,158,0,99,772,0,178,767,0,183,754,0,196,752,0,198,0,0,0,0,625,71,0,254,0,0,0,0,0,609,144,1,196,591,154,0,205,621,127,0,202,579,160,1,210,609,135,0,206,607,140,0,203,561,176,0,213,602,143,0,205,609,135,0,206,618,135,0,197,439,471,0,40,684,190,0,76,669,213,0,68,504,347,0,99,700,194,0,56,566,278,0,106,471,422,0,57
27,58,SG12,974,864,0,1,0,251,2,32,0,2,0,565,7,1,3,203,527,48,1,85,191,29,503,49,54,3,35,63,207,538,0,56,578,96,71,0,119,86,571,107,1,99,571,222,0,71,0,0,0,0,0,0,0,0,0,0,0,566,244,0,54,691,0,173,617,140,0,107,702,0,162,704,0,160,702,0,162,694,0,170,0,0,0,0,0,0,0,0,0,0,0,0,0,609,132,0,123,594,127,0,143,617,104,0,143,586,132,0,146,607,111,0,146,607,111,1,145,578,138,0,148,597,120,0,147,614,104,0,146,604,116,0,144,416,399,0,49,627,164,0,73,616,179,0,69,436,332,0,96,616,186,0,62,495,274,0,95,432,363,2,67
27,59,SG13,945,802,0,2,4,287,1,17,1,3,1,479,3,4,0,250,432,48,0,72,246,26,418,46,21,3,42,55,247,450,0,50,483,116,76,0,127,71,479,142,0,110,462,280,0,60,0,0,0,0,0,0,0,468,286,0,48,0,0,0,0,610,0,192,533,159,0,110,632,0,170,637,0,165,626,0,176,627,0,175,0,0,0,0,0,0,0,0,0,0,0,0,0,523,147,1,131,507,137,0,158,517,122,0,163,489,143,0,170,495,136,1,170,521,116,0,165,468,162,0,172,499,138,1,164,496,133,0,173,512,129,0,161,393,354,0,55,574,131,0,97,549,174,0,79,404,286,0,112,592,145,0,65,432,253,0,117,503,224,0,75
27,60,SG14,657,623,0,0,4,219,0,5,0,0,0,388,5,0,2,183,370,15,0,55,162,15,382,15,17,3,29,22,182,393,0,26,431,54,46,0,92,49,432,53,1,88,396,186,0,41,0,0,0,0,0,0,0,394,196,0,33,0,0,0,0,475,0,148,440,80,1,102,488,0,135,491,0,132,479,0,144,476,0,147,0,0,0,0,0,0,0,0,0,0,0,0,0,437,75,0,111,401,82,0,140,409,68,1,145,398,77,1,147,414,65,0,144,409,70,0,144,397,79,0,147,403,71,0,149,399,74,0,150,404,74,0,145,333,247,0,43,456,103,0,64,472,103,1,47,317,225,0,81,414,162,0,47,373,168,0,82,297,273,0,53
27,61,SG15,1001,885,1,1,5,203,3,16,0,3,0,642,4,2,6,183,583,44,0,75,170,35,578,43,27,5,27,61,194,597,0,33,652,105,45,0,83,96,639,83,0,67,627,204,0,54,0,0,0,0,0,0,0,624,220,0,41,0,0,0,0,723,0,162,654,156,0,75,758,0,127,760,0,125,750,0,135,744,0,141,0,0,0,0,0,0,0,0,0,0,0,0,0,648,134,0,103,633,132,2,118,649,116,1,119,622,137,0,126,637,126,1,121,644,118,0,123,613,145,1,126,632,129,0,124,625,131,1,128,630,128,0,127,420,418,0,47,617,194,0,74,613,207,0,65,444,345,0,96,635,182,0,68,491,301,0,93,454,367,0,64
27,62,SG16,864,806,0,0,1,188,2,13,0,2,1,592,3,0,4,148,561,30,0,67,157,15,551,37,15,3,28,32,181,552,0,41,584,69,50,0,103,51,577,94,0,84,570,174,0,62,0,0,0,0,0,0,0,584,173,0,49,0,0,0,0,651,0,155,592,123,0,91,660,0,146,658,0,148,651,0,155,647,0,159,0,0,0,0,0,0,0,0,0,0,0,0,0,579,103,0,124,540,116,0,150,566,95,0,145,543,115,0,148,565,94,0,147,561,96,0,149,527,126,0,153,561,98,0,147,561,93,0,152,559,95,0,152,371,378,1,56,558,176,0,72,540,194,1,71,408,317,0,81,587,154,1,64,453,258,0,95,424,314,1,67
27,63,SG17,1287,1216,0,1,2,271,2,16,1,0,0,898,17,1,7,221,872,32,0,91,211,16,896,40,24,0,29,44,243,883,0,46,937,99,52,0,128,75,935,88,0,118,896,244,0,76,0,0,0,0,0,0,0,0,0,0,0,910,252,0,54,1008,0,208,971,133,1,111,1034,0,182,1025,0,191,1021,0,195,1001,0,215,0,0,0,0,0,0,0,0,0,0,0,0,0,905,137,0,174,847,146,0,223,877,117,0,222,853,139,0,224,869,114,0,233,867,118,0,231,804,176,0,236,866,146,0,204,871,135,0,210,858,148,0,210,607,550,0,59,889,229,0,98,874,252,0,90,667,433,0,116,842,292,0,82,733,361,0,122,605,535,0,76
27,64,SG18,1004,884,0,1,2,214,3,25,1,3,1,629,3,0,2,179,589,53,1,62,169,38,566,49,40,0,22,52,194,607,0,31,647,97,65,0,75,77,643,90,0,74,640,199,0,45,0,0,0,0,0,0,0,0,0,0,0,646,209,1,28,746,0,138,672,140,0,72,753,0,131,752,0,132,739,0,145,739,0,145,0,0,0,0,0,0,0,0,0,0,0,0,0,671,113,0,100,628,130,0,126,657,99,0,128,635,117,0,132,655,98,0,131,648,102,1,133,589,161,0,134,639,116,1,128,644,111,0,129,651,104,0,129,413,429,0,42,642,178,0,64,624,199,0,61,475,318,0,91,659,178,0,47,521,270,0,93,412,415,0,57
27,65,SG19,1221,1098,0,0,7,254,9,21,0,5,1,782,13,0,6,234,731,37,0,96,209,25,742,51,35,1,35,62,221,763,0,52,816,98,73,0,111,72,806,105,0,115,793,227,1,77,0,0,0,0,0,0,0,0,0,0,0,789,250,0,59,907,0,191,828,156,0,114,919,0,179,922,0,176,914,0,184,906,0,192,0,0,0,0,0,0,0,0,0,0,0,0,0,809,138,0,151,777,139,0,182,804,110,0,184,773,134,0,191,795,114,0,189,802,108,0,188,748,151,0,199,792,132,0,174,812,111,0,175,789,125,0,184,543,497,0,58,799,201,1,97,808,209,0,81,628,352,0,118,808,210,0,80,666,305,0,127,615,400,0,83
27,66,SG20,1204,1101,0,2,5,308,1,21,0,4,0,743,11,0,6,249,716,52,0,84,254,23,710,61,27,2,24,69,259,730,0,43,784,103,83,0,131,77,788,121,0,115,757,278,1,65,0,0,0,0,0,0,0,0,0,0,0,749,308,0,44,875,0,226,824,165,0,112,892,0,209,897,0,204,890,0,211,881,0,220,0,0,0,0,0,0,0,0,0,0,0,0,0,804,143,0,154,765,149,0,187,785,125,0,191,763,137,0,201,763,143,0,195,765,141,1,194,727,171,1,202,780,134,1,186,762,145,0,194,757,152,0,192,518,524,1,58,820,196,0,85,777,243,0,81,577,404,0,120,796,235,1,69,627,350,1,123,560,464,1,76
27,67,SG21,1302,1212,0,2,3,311,1,19,1,1,1,859,10,1,3,251,824,45,0,92,259,20,823,43,30,2,35,51,274,843,0,44,889,104,85,0,134,74,893,128,0,117,863,271,0,78,0,0,0,0,0,0,0,0,0,0,0,843,311,0,58,985,0,227,916,159,0,137,987,0,225,999,0,213,984,0,228,982,0,230,0,0,0,0,0,0,0,0,0,0,0,0,0,888,147,1,176,846,163,1,202,879,126,0,207,840,163,0,209,873,130,0,209,872,126,0,214,804,187,0,221,859,143,0,210,861,141,0,210,857,149,0,206,600,560,0,52,897,222,0,93,889,240,0,83,683,412,0,117,889,251,1,71,729,359,0,124,644,490,0,78
27,68,SG22,795,713,0,1,3,172,3,7,0,1,0,514,7,0,5,152,452,25,0,84,144,20,488,23,7,1,30,29,154,492,0,38,490,68,43,0,112,53,495,67,0,98,490,151,0,72,0,0,0,0,0,0,0,493,168,0,52,0,0,0,0,535,0,178,520,100,0,93,559,0,154,565,0,148,559,0,154,552,0,161,0,0,0,0,476,40,0,197,0,0,0,0,0,451,99,0,163,441,105,0,167,455,93,0,165,437,107,0,169,446,101,0,166,448,95,0,170,424,125,0,164,439,109,1,164,448,101,0,164,451,95,0,167,347,312,0,54,493,137,0,83,515,124,0,74,368,239,2,104,479,167,0,67,412,193,0,108,321,325,0,67
27,69,SG23,1091,1029,0,1,4,275,1,20,2,4,0,708,9,2,3,238,638,56,2,95,220,24,676,57,27,0,25,77,253,663,0,36,724,100,84,0,121,80,721,124,0,104,692,267,0,70,0,0,0,0,0,0,0,708,270,0,51,0,0,0,0,810,0,219,746,180,0,103,834,0,195,839,0,190,823,0,206,829,0,200,0,0,0,0,740,84,0,205,0,0,0,0,0,688,146,0,195,676,148,0,205,701,123,0,205,672,151,0,206,676,143,1,209,678,137,1,213,649,171,0,209,681,142,1,205,675,145,1,208,669,157,0,203,498,472,0,59,715,223,0,91,713,238,0,78,491,409,0,129,690,250,2,87,561,336,0,132,481,467,0,81
27,70,SG24,609,560,0,0,5,110,1,8,1,6,1,422,6,0,0,111,381,30,0,38,101,20,392,32,10,0,5,30,113,408,0,9,440,43,27,1,49,43,426,45,0,46,409,125,0,26,0,0,0,0,0,0,0,427,120,0,13,0,0,0,0,462,0,98,427,90,0,43,475,0,85,473,0,87,462,0,98,464,0,96,0,0,0,0,398,55,0,107,0,0,0,0,0,375,87,0,98,378,80,1,101,380,79,0,101,370,82,0,108,378,76,0,106,381,73,0,106,353,96,1,110,391,66,0,103,386,70,0,104,383,76,0,101,252,282,0,26,396,126,0,38,401,121,2,36,292,219,0,49,391,138,0,31,316,191,0,53,282,246,0,32
27,71,SG25,752,668,0,0,1,151,1,19,1,0,0,487,6,0,2,120,458,29,0,61,117,20,454,33,19,1,24,43,122,478,0,25,508,54,22,0,84,44,488,61,0,75,482,138,0,48,0,0,0,0,0,0,0,500,135,0,33,0,0,0,0,555,0,113,516,74,1,77,547,0,121,550,0,118,537,0,131,537,0,131,0,0,0,0,481,62,0,125,0,0,0,0,0,475,51,1,141,455,72,0,141,467,58,0,143,464,64,0,140,470,57,0,141,469,56,0,143,435,86,1,146,466,64,1,137,471,58,0,139,472,56,0,140,325,300,1,42,476,130,1,61,476,129,0,63,328,260,0,80,473,142,0,53,394,192,0,82,320,290,0,58
27,72,SG26,864,786,0,1,1,134,1,18,0,1,0,623,4,0,3,109,574,39,0,64,112,34,548,39,24,1,28,45,112,587,1,41,570,79,41,0,96,57,582,65,0,82,601,123,0,62,0,0,0,0,0,0,0,614,129,0,43,0,0,0,0,635,0,151,604,100,0,82,655,0,131,651,0,135,635,0,151,646,0,140,0,0,0,0,558,62,0,166,0,0,0,0,0,532,79,1,174,511,100,1,174,529,84,0,173,517,94,0,175,526,81,3,176,527,86,0,173,483,123,1,179,533,84,0,169,538,74,0,174,541,76,0,169,336,407,0,43,543,175,0,68,517,208,0,61,357,335,0,94,562,170,0,54,457,235,0,94,338,390,0,58
27,73,SG27,1210,1088,0,1,3,252,3,26,2,1,0,776,15,0,9,197,748,62,0,81,201,30,675,76,72,0,34,76,197,768,1,46,772,126,84,0,106,94,775,135,0,84,781,227,0,80,0,0,0,0,0,0,0,781,245,0,62,0,0,0,0,906,0,182,839,157,1,91,924,0,164,917,0,171,911,0,177,913,0,175,0,0,0,0,0,0,0,0,351,503,22,0,212,755,148,0,185,736,159,0,193,775,117,0,196,734,151,0,203,770,121,0,197,752,138,1,197,703,179,0,206,751,134,0,203,759,132,0,197,773,123,0,192,477,557,0,54,754,232,0,102,753,250,0,85,603,354,1,130,788,221,0,79,613,327,1,147,572,433,0,83
27,74,SG28,1187,1067,1,4,3,242,2,21,1,3,0,781,6,0,4,203,725,59,0,80,182,31,727,52,41,1,33,62,201,762,0,42,791,106,69,1,100,91,775,113,0,88,766,222,0,79,0,0,0,0,0,0,0,778,239,0,50,0,0,0,0,870,0,197,814,153,0,100,899,0,168,896,0,171,889,0,178,882,0,185,0,0,0,0,0,0,0,0,433,444,24,0,166,746,146,0,175,723,161,0,183,743,137,0,187,717,164,0,186,730,150,0,187,726,154,1,186,684,193,2,188,723,155,0,189,739,142,0,186,744,144,0,179,512,503,0,52,775,201,1,90,749,230,1,87,552,390,0,125,762,234,0,71,618,315,0,134,503,490,1,73
27,75,SG29,1035,954,0,3,5,208,2,20,0,3,2,699,10,0,2,182,646,46,0,80,165,31,651,40,45,0,22,49,174,690,0,41,695,93,59,1,106,94,696,75,0,89,701,191,0,62,0,0,0,0,0,0,0,700,209,0,45,0,0,0,0,772,0,182,716,145,0,93,783,0,171,783,0,171,771,0,183,778,0,176,0,0,0,0,0,0,0,0,344,420,11,0,179,684,104,0,166,648,127,0,179,676,99,0,179,655,119,0,180,675,97,0,182,680,97,0,177,616,154,1,183,664,110,1,179,667,104,1,182,682,110,0,162,453,466,0,35,676,204,0,74,661,232,0,61,491,372,0,91,679,219,0,56,561,294,0,99,449,441,0,64
27,76,SG30,1245,1143,0,0,3,262,1,24,2,4,0,835,4,0,8,222,790,45,0,86,213,25,770,52,50,2,31,62,234,808,0,39,851,99,82,0,111,87,848,106,0,102,840,234,0,69,0,0,0,0,0,0,0,821,261,0,61,0,0,0,0,962,0,181,876,179,0,88,978,0,165,976,0,167,967,0,176,943,0,200,0,0,0,0,0,0,0,0,0,0,0,0,0,829,142,0,172,805,145,0,193,824,123,0,196,793,151,0,199,803,136,1,203,815,130,0,198,775,159,1,208,809,139,0,195,807,138,0,198,821,133,0,189,561,534,1,47,845,209,1,88,840,239,0,64,592,428,0,123,839,232,0,72,680,342,0,121,542,521,0,80
27,77,SG31,950,881,0,1,2,151,2,10,0,1,0,702,4,1,7,114,674,22,0,71,101,16,657,29,46,2,30,36,130,684,0,31,697,77,27,0,80,57,698,50,1,75,711,129,0,41,760,19,0,102,0,0,0,0,0,0,0,0,0,0,0,753,0,128,708,103,0,70,767,0,114,752,0,129,748,0,133,736,0,145,0,0,0,0,0,0,0,0,0,0,0,0,0,656,80,0,145,631,96,0,154,641,82,0,158,634,83,0,164,634,82,0,165,634,84,0,163,619,101,1,160,638,92,0,151,641,85,0,155,654,79,0,148,401,434,0,46,645,165,0,71,623,190,1,67,492,306,0,83,640,187,0,54,553,232,0,96,406,419,0,56
27,78,SG32,1014,942,0,1,8,163,0,20,1,1,0,743,3,1,1,142,685,37,0,78,152,29,649,40,38,3,31,52,159,685,0,46,716,79,45,0,102,51,701,98,0,92,720,160,0,62,0,0,0,0,0,0,0,0,0,0,0,734,171,0,37,788,0,154,724,134,0,84,804,0,138,797,0,145,789,0,153,780,0,162,0,0,0,0,0,0,0,0,0,0,0,0,0,699,114,0,129,663,124,0,155,682,101,0,159,660,120,0,162,671,109,0,162,666,113,0,163,646,130,0,166,668,109,1,164,668,112,2,160,686,96,0,160,382,505,0,55,655,203,0,84,643,235,0,64,489,354,1,98,718,163,0,61,518,315,0,109,507,374,0,61
27,79,SG33,649,605,0,1,2,102,1,14,0,1,0,477,4,0,3,93,452,20,0,40,79,10,468,19,20,2,7,20,102,473,0,10,487,47,21,0,50,38,494,30,0,43,488,85,0,32,0,0,0,0,0,0,0,0,0,0,0,480,114,0,11,527,0,78,498,71,2,34,537,0,68,540,0,65,534,0,71,529,0,76,0,0,0,0,0,0,0,0,0,0,0,0,0,476,61,0,68,467,66,0,72,472,60,0,73,461,65,0,79,466,60,0,79,461,63,0,81,465,59,0,81,473,55,0,77,466,60,0,79,471,58,0,76,279,302,0,24,447,128,0,30,443,128,0,34,339,217,0,49,467,113,1,24,384,173,0,48,321,260,0,24
27,80,SG34,1428,1315,0,3,6,313,4,32,0,8,0,943,5,1,0,276,887,58,0,94,272,20,878,60,49,0,36,86,289,886,1,53,951,120,108,0,136,85,959,154,0,117,953,284,0,78,1087,29,1,198,0,0,0,0,0,0,0,0,0,0,0,1072,0,243,991,186,1,137,1079,0,236,1078,0,237,1078,0,237,1056,0,259,0,0,0,0,0,0,0,0,0,0,0,0,0,936,176,1,202,897,183,0,235,927,150,0,238,883,176,0,256,913,154,1,247,919,147,0,249,845,212,1,257,890,176,0,249,906,162,0,247,910,164,0,241,647,596,0,72,947,242,0,126,939,274,2,100,721,446,0,148,931,282,0,102,779,375,0,161,675,533,1,106
27,81,SG35,1187,1100,0,1,4,314,3,37,0,2,1,724,8,1,5,270,669,63,0,98,257,27,657,59,47,3,50,76,265,692,0,67,735,105,92,0,168,89,713,146,0,152,718,294,0,88,891,26,0,183,0,0,0,0,0,0,0,0,0,0,0,862,0,238,756,179,0,165,859,0,241,860,0,240,855,0,245,848,0,252,0,0,0,0,0,0,0,0,0,0,0,0,0,713,186,0,201,702,168,1,229,727,143,0,230,686,172,0,242,721,141,0,238,718,148,1,233,664,194,1,241,698,163,0,239,700,158,0,242,704,163,0,233,530,502,0,68,774,201,3,122,759,241,1,99,540,396,0,164,791,221,0,88,601,336,1,162,580,413,1,106
27,82,SG36,1024,944,2,0,1,250,1,15,0,1,0,660,12,2,2,201,614,40,0,89,203,19,612,38,38,3,31,65,219,612,1,47,665,90,69,0,120,70,658,100,1,115,649,228,0,67,762,20,0,162,0,0,0,0,0,0,0,0,0,0,0,765,0,179,700,127,1,116,765,0,179,772,0,172,763,0,181,752,0,192,0,0,0,0,0,0,0,0,0,0,0,0,0,692,138,0,114,668,153,1,122,682,132,1,129,654,164,0,126,670,143,1,130,656,152,0,136,646,161,0,137,671,143,0,130,673,140,0,131,680,135,0,129,462,431,1,50,699,178,0,67,692,191,1,60,484,366,0,94,705,186,0,53,533,309,0,102,491,390,1,62
27,83,SG37,1003,874,0,1,10,229,3,18,3,1,0,602,2,1,4,192,554,53,1,74,193,32,528,54,35,2,30,71,206,555,0,42,585,91,74,0,124,77,572,126,0,99,578,230,0,66,704,29,0,141,0,0,0,0,0,0,0,0,0,0,0,697,0,177,586,180,0,108,696,0,178,699,0,175,698,0,176,685,0,189,0,0,0,0,0,0,0,0,0,0,0,0,0,625,126,0,123,585,136,0,153,597,125,0,152,576,142,0,156,599,118,0,157,600,118,0,156,574,138,1,161,598,120,0,156,595,121,0,158,606,117,0,151,417,399,0,58,605,180,0,89,598,202,0,74,436,329,0,109,631,178,0,65,464,289,0,121,427,384,0,63
27,84,SG38,1144,982,0,1,4,279,5,31,2,4,0,648,5,0,3,255,595,57,1,74,235,30,579,63,37,1,37,77,250,608,0,47,641,127,84,0,130,105,609,146,0,122,644,265,0,73,789,23,0,170,0,0,0,0,0,0,0,0,0,0,0,775,0,207,674,183,0,125,771,0,211,784,0,198,777,0,205,767,0,215,0,0,0,0,0,0,0,0,0,0,0,0,0,677,152,0,153,657,155,1,169,694,116,0,172,665,140,0,177,673,131,0,178,681,122,0,179,634,167,1,180,672,131,2,177,671,135,0,176,687,130,0,165,494,433,0,55,711,184,0,87,676,226,0,80,528,345,0,109,730,188,0,64,530,333,0,119,542,364,0,76
27,85,SG39,949,908,0,1,0,311,0,8,0,0,0,573,4,1,10,252,564,12,0,80,238,11,606,18,10,2,23,18,277,581,0,32,638,66,51,0,153,64,625,77,1,141,574,275,1,58,0,0,0,0,0,0,0,578,289,0,41,0,0,0,0,679,0,229,645,137,0,126,710,0,198,710,0,198,686,0,222,695,0,213,0,0,0,0,0,0,0,0,242,378,8,3,277,582,124,1,201,544,150,0,214,592,112,1,203,564,132,0,212,589,112,0,207,575,128,0,205,529,158,1,220,563,136,0,209,568,129,0,211,564,128,0,216,510,347,0,51,679,153,0,76,705,134,0,69,500,305,0,103,583,240,0,85,556,248,0,104,469,366,0,73
27,86,SG40,949,858,0,0,4,123,2,12,0,0,0,696,13,3,5,84,686,26,0,62,84,24,636,37,41,0,36,34,99,685,0,40,694,55,32,0,77,50,689,38,0,81,696,95,0,67,742,12,0,104,0,0,0,0,0,0,0,0,0,0,0,717,0,141,697,78,0,83,721,0,137,723,0,135,714,0,144,714,0,144,0,0,0,0,0,0,0,0,336,356,11,1,154,594,84,1,179,576,93,0,189,584,83,0,191,576,92,0,190,581,84,0,193,583,84,1,190,553,110,0,195,585,89,0,184,587,85,0,186,599,79,0,180,357,450,1,50,587,185,0,86,583,199,0,76,420,327,0,111,631,167,0,60,477,261,0,120,398,392,0,68
27,87,SG41,719,695,1,1,1,232,1,4,0,0,0,450,2,1,3,186,455,13,0,41,183,5,477,9,4,2,15,17,204,448,0,26,514,70,30,0,81,65,529,38,0,63,455,199,0,41,0,0,0,0,0,0,0,471,196,0,28,0,0,0,0,560,0,135,531,97,0,67,572,0,123,574,0,121,563,0,132,561,0,134,0,0,0,0,0,0,0,0,182,301,3,0,209,486,58,0,151,457,77,1,160,474,67,0,154,463,68,0,164,479,61,0,155,475,61,0,159,442,84,0,169,473,62,0,160,477,56,0,162,479,52,0,164,411,245,0,39,532,102,1,60,542,101,0,52,378,243,0,74,492,144,1,58,433,169,0,93,323,317,0,55
27,88,SG42,1107,1064,0,0,6,181,1,19,0,3,0,833,14,1,6,148,798,34,0,84,117,15,837,38,35,1,21,43,157,828,0,36,877,60,33,0,94,52,870,60,0,82,858,148,0,58,926,26,0,112,0,0,0,0,0,0,0,0,0,0,0,930,0,134,885,103,0,76,913,0,151,925,0,139,916,0,148,909,0,155,0,0,0,0,0,0,0,0,292,574,21,0,177,774,103,0,187,749,119,1,195,766,101,0,197,758,105,0,201,756,106,0,202,761,103,0,200,738,122,0,204,761,109,0,194,767,104,2,191,779,98,0,187,489,513,0,62,763,206,0,95,756,223,1,84,571,368,0,125,770,214,0,80,659,282,0,123,515,453,0,96
27,89,SG43,1063,986,0,0,4,159,4,15,0,2,2,787,8,1,4,137,716,46,0,87,135,26,677,59,53,0,36,66,133,741,0,46,775,70,39,0,102,57,739,93,0,97,756,150,0,80,839,21,0,126,0,0,0,0,0,0,0,0,0,0,0,852,0,134,755,135,0,96,835,0,151,837,0,149,836,0,150,837,0,149,0,0,0,0,0,0,0,0,398,419,14,1,154,675,120,0,191,667,120,0,199,681,110,0,195,662,121,0,203,672,118,0,196,683,106,0,197,653,133,0,200,683,111,0,192,672,117,0,197,680,112,0,194,407,517,0,62,688,203,0,95,659,237,0,90,494,366,0,126,730,187,0,69,559,301,0,126,436,469,1,80
27,90,SG44,1898,1775,0,2,2,253,5,24,3,3,1,1452,25,0,5,219,1384,57,0,115,202,46,1301,88,90,1,47,74,216,1424,0,61,1420,126,62,0,167,117,1397,111,0,150,1409,245,0,121,0,0,0,0,1527,0,248,0,0,0,0,0,0,0,0,1508,0,267,1426,181,0,168,1515,0,260,1514,0,261,1511,0,264,1510,0,265,0,0,0,0,0,0,0,0,631,797,25,0,322,1239,172,1,363,1214,193,0,368,1245,161,0,369,1232,172,0,371,1230,171,0,374,1228,174,0,373,1194,209,0,372,1229,178,1,367,1236,172,0,367,1261,156,0,358,701,980,0,94,1196,406,0,173,1186,437,0,152,855,666,0,254,1342,319,0,114,972,556,0,247,776,854,0,145
27,91,SG45,1299,1219,0,0,3,179,4,27,0,3,0,982,13,1,7,144,935,48,0,92,129,24,928,59,37,0,42,51,147,978,0,43,987,73,62,0,97,53,1006,76,0,84,993,158,0,68,1083,19,0,117,0,0,0,0,0,0,0,0,0,0,0,1077,0,142,1006,112,0,101,1070,0,149,1079,0,140,1071,0,148,1056,0,163,0,0,0,0,0,0,0,0,419,577,16,0,207,876,113,0,230,856,131,1,231,870,110,0,239,852,128,0,239,867,114,0,238,868,108,0,243,812,161,0,246,853,124,0,242,866,112,0,241,868,120,0,231,490,657,0,72,851,239,0,129,834,269,0,116,614,452,0,153,938,179,0,102,712,337,1,169,573,538,0,108
27,92,SG46,927,902,0,0,0,307,0,3,0,0,0,585,5,0,2,263,570,2,1,66,251,12,604,14,2,4,15,15,272,589,0,26,634,75,46,0,147,64,648,57,0,133,600,259,0,43,0,0,0,0,0,0,0,603,267,0,32,0,0,0,0,679,0,223,661,110,1,130,682,0,220,690,0,212,684,0,218,665,0,237,0,0,0,0,0,0,0,0,211,370,7,1,313,545,106,0,251,508,136,1,257,554,96,0,252,538,109,0,255,547,94,1,260,539,106,0,257,499,146,0,257,536,115,0,251,540,109,1,252,538,110,0,254,546,309,0,47,707,126,0,69,702,140,0,60,518,273,0,111,597,236,0,69,578,237,0,87,424,420,0,58
27,93,SG47,1049,1010,0,2,4,304,1,8,0,0,0,680,6,0,5,264,645,25,0,76,251,18,687,14,23,0,17,25,271,685,0,29,755,82,38,0,135,76,741,66,0,127,684,271,0,55,0,0,0,0,0,0,0,687,283,1,39,0,0,0,0,779,0,231,743,137,0,130,793,0,217,799,0,211,797,0,213,782,0,228,0,0,0,0,0,0,0,0,0,0,0,0,0,690,126,1,193,660,132,1,217,696,95,0,219,682,108,0,220,691,100,0,219,690,98,0,222,640,146,0,224,669,119,0,222,671,116,0,223,662,126,0,222,570,402,0,38,781,155,0,74,799,157,0,54,601,306,0,103,694,261,0,55,654,253,0,103,485,467,0,58
27,94,SG48,772,725,0,0,2,164,2,9,0,1,0,531,11,0,5,140,500,34,0,51,120,6,505,35,32,2,25,40,142,514,0,29,558,54,34,2,77,41,540,67,0,77,527,152,0,46,0,0,0,0,0,0,0,528,156,0,41,0,0,0,0,608,0,117,551,97,0,77,602,0,123,603,0,122,598,0,127,595,0,130,0,0,0,0,540,38,0,147,0,0,0,0,0,510,68,0,147,492,76,0,157,513,57,0,155,491,76,0,158,506,63,0,156,504,63,0,158,475,92,0,158,496,72,0,157,507,64,0,154,508,60,0,157,333,351,0,41,531,130,0,64,506,160,0,59,399,237,0,89,530,150,0,45,418,216,1,90,360,315,0,50
27,95,SG49,1330,1223,0,0,7,153,4,27,4,2,0,1006,16,0,4,117,980,50,0,76,110,50,875,77,72,1,38,66,118,998,0,41,1004,82,43,0,94,73,995,84,0,71,1020,135,0,68,1093,21,0,109,0,0,0,0,0,0,0,0,0,0,0,1076,0,147,988,135,1,99,1076,0,147,1090,0,133,1078,0,145,1067,0,156,0,0,0,0,0,0,0,0,426,561,28,0,208,881,118,1,223,877,113,0,233,877,111,0,235,862,115,1,245,870,117,1,235,871,111,1,240,841,144,0,238,864,124,0,235,876,107,0,240,891,105,1,226,439,731,1,52,855,271,0,97,801,328,0,94,645,443,1,134,937,209,0,77,723,363,0,137,593,549,0,81
27,96,SG50,1396,1278,0,1,4,191,1,23,1,2,1,1043,9,0,2,167,954,60,1,96,158,48,872,61,90,1,48,82,168,970,0,58,997,99,63,0,119,83,985,100,0,110,1002,186,0,90,1114,22,0,142,0,0,0,0,0,0,0,0,0,0,0,1095,0,183,1015,146,1,116,1094,0,184,1092,0,186,1087,0,191,1087,0,191,0,0,0,0,0,0,0,0,423,592,27,2,234,881,125,1,271,855,145,0,278,874,124,0,280,842,154,0,282,872,121,0,285,865,124,0,289,827,164,1,286,864,133,0,281,870,122,0,286,868,134,0,276,483,730,1,64,886,265,0,127,817,340,0,121,601,500,0,177,1024,177,0,77,686,423,1,168,550,618,0,110
27,97,SG51,1027,986,1,2,1,273,2,3,2,0,0,690,5,2,6,225,684,14,0,63,218,13,703,17,11,3,21,25,234,702,0,25,756,77,52,0,101,72,763,56,0,95,700,229,0,57,0,0,0,0,0,0,0,710,241,0,35,0,0,0,0,814,0,172,784,117,0,85,831,0,155,831,0,155,814,0,172,824,0,162,0,0,0,0,0,0,0,0,265,449,8,2,262,676,123,0,187,672,119,0,195,693,100,3,190,672,123,0,191,689,108,0,189,689,110,0,187,638,149,0,199,678,118,0,190,681,116,0,189,678,117,0,191,532,412,1,41,756,161,0,69,737,189,0,60,551,335,0,100,712,214,0,60,630,252,1,103,442,482,0,62
27,98,SP95,408,371,0,0,2,235,2,3,0,1,0,126,1,0,1,211,117,15,0,28,209,5,129,14,4,0,10,20,206,123,1,21,149,52,73,0,97,29,165,74,0,103,0,0,0,0,0,0,0,0,198,0,173,0,0,0,0,0,0,0,0,197,0,174,161,113,0,97,199,0,172,197,0,174,202,0,169,194,0,177,0,0,0,0,0,0,0,0,0,0,0,0,0,184,77,0,110,169,88,0,114,199,61,0,111,176,76,0,119,192,62,0,117,192,59,0,120,154,96,0,121,182,73,0,116,177,77,0,117,182,72,0,117,269,79,0,23,267,60,0,44,299,47,0,25,181,132,0,58,179,163,0,29,203,99,0,69,180,161,0,30
27,99,TQ96,1153,1075,0,0,3,212,4,21,1,2,0,825,4,0,3,189,744,68,0,74,169,38,707,73,51,2,35,56,197,780,0,42,806,107,58,0,104,102,784,89,2,98,0,0,0,0,0,0,0,0,882,0,193,0,0,0,0,0,0,0,0,863,0,212,805,172,1,97,873,0,202,882,0,193,877,0,198,870,0,205,0,0,0,0,0,0,0,0,0,0,0,0,0,737,164,0,174,716,188,1,170,750,156,0,169,709,179,1,186,729,160,0,186,731,155,1,188,672,216,0,187,717,175,0,183,723,163,0,189,728,161,0,186,446,575,0,54,741,261,0,73,744,269,1,61,546,443,0,86,797,216,0,62,596,380,0,99,450,557,0,68
27,100,VI89,484,433,0,0,3,164,1,13,3,0,2,243,1,2,1,145,221,33,0,34,136,9,217,39,13,0,19,34,144,230,0,25,255,42,59,0,77,40,254,65,0,74,0,0,0,0,0,0,0,0,288,0,145,0,0,0,0,0,0,0,0,274,0,159,247,105,0,81,284,0,149,286,0,147,283,0,150,273,0,160,0,0,0,0,0,0,0,0,0,0,0,0,0,239,82,0,112,229,90,0,114,246,74,0,113,235,78,1,119,240,77,1,115,248,69,1,115,219,96,1,117,241,77,0,115,233,83,0,117,234,81,0,118,231,175,0,27,318,73,0,42,311,93,0,29,207,173,0,53,276,128,0,29,240,131,0,62,196,204,0,33
27,101,WA60,939,910,0,1,2,176,2,11,0,0,0,706,5,0,7,133,665,30,1,81,126,22,689,28,22,1,22,34,155,690,0,31,703,81,26,0,100,66,720,42,0,82,0,0,0,0,775,15,0,120,0,0,0,0,0,0,0,0,0,0,0,770,0,140,739,81,1,89,769,0,141,775,0,135,768,0,142,752,0,158,0,0,0,0,0,0,0,0,0,0,0,0,0,672,93,1,144,668,97,0,145,659,88,0,163,643,94,0,173,652,88,1,169,649,91,0,170,609,129,0,172,648,97,0,165,652,90,1,167,668,86,0,156,438,412,1,59,690,152,1,67,680,161,1,68,498,315,0,97,683,171,1,55,551,258,0,101,467,366,0,77
27,102,WA61,1081,928,0,0,5,245,4,23,0,1,1,635,11,0,3,202,575,55,0,96,201,13,583,54,39,1,37,80,204,603,0,41,639,117,64,0,108,87,628,114,0,99,0,0,0,0,761,18,0,149,0,0,0,0,0,0,0,0,0,0,0,782,0,146,664,156,0,108,768,0,160,772,0,156,770,0,158,757,0,171,0,0,0,0,0,0,0,0,0,0,0,0,0,654,137,1,136,654,135,0,139,654,117,0,157,615,148,0,165,639,124,0,165,636,124,0,168,587,169,0,172,624,136,1,167,629,131,1,167,649,122,0,157,424,452,0,52,680,180,0,68,653,216,0,59,507,320,0,101,712,158,2,56,522,302,0,104,505,365,0,58
27,103,WA62,1019,889,0,0,8,190,2,29,0,1,0,649,7,0,3,163,573,86,0,67,162,24,523,81,50,4,45,78,157,611,0,43,605,109,78,0,97,85,602,123,0,79,0,0,0,0,752,21,0,116,0,0,0,0,0,0,0,0,0,0,0,754,0,135,641,162,0,86,740,0,149,737,0,152,736,0,153,718,0,171,0,0,0,0,0,0,0,0,0,0,0,0,0,609,127,0,153,614,121,0,154,632,102,1,154,613,115,1,160,627,100,0,162,619,105,1,164,577,146,1,165,625,110,0,154,629,101,0,159,660,97,0,132,344,478,0,67,599,209,0,81,573,239,0,77,403,386,0,100,652,175,0,62,448,333,0,108,438,388,0,63
27,104,WA63,986,860,0,3,1,176,2,21,0,4,0,646,3,0,4,157,578,53,2,70,149,29,573,36,44,3,26,58,161,600,1,40,608,94,67,1,90,71,615,87,0,87,0,0,0,0,698,28,0,134,0,0,0,0,0,0,0,0,0,0,0,714,0,146,639,140,0,81,709,0,151,709,0,151,705,0,155,683,0,177,0,0,0,0,0,0,0,0,0,0,0,0,0,619,118,0,123,619,120,0,121,620,96,1,143,596,117,0,147,603,111,0,146,614,98,0,148,579,131,0,150,602,115,0,143,599,111,1,149,621,100,1,138,363,444,0,53,589,197,0,74,568,230,1,61,407,363,0,90,671,138,1,50,456,299,1,104,412,390,0,58
27,105,WA64,1182,1045,0,2,0,247,2,14,2,1,1,768,4,2,2,218,683,52,0,92,205,27,675,64,34,0,40,70,218,700,0,57,734,123,48,0,140,103,719,102,0,121,0,0,0,0,850,22,1,172,0,0,0,0,0,0,0,0,0,0,0,843,0,202,758,164,0,123,843,0,202,845,0,200,837,0,208,817,0,228,0,0,0,0,0,0,0,0,0,0,0,0,0,720,151,1,173,718,158,0,169,731,131,0,183,682,168,0,195,698,155,0,192,710,142,0,193,676,171,1,197,696,160,1,188,704,147,0,194,755,128,0,162,484,490,0,71,749,221,0,75,703,268,1,73,503,429,0,113,745,229,0,71,575,357,0,113,501,462,0,82
27,106,WA65,885,808,1,0,1,124,1,18,0,3,0,645,13,0,3,111,596,48,0,53,97,27,563,47,41,1,32,45,98,634,0,31,622,75,34,0,77,53,632,57,0,66,0,0,0,0,691,12,0,105,0,0,0,0,0,0,0,0,0,0,0,687,0,121,608,127,0,73,693,0,115,693,0,115,692,0,116,680,0,128,0,0,0,0,0,0,0,0,0,0,0,0,0,601,82,2,123,601,81,0,126,595,79,0,134,581,86,0,141,593,78,0,137,593,76,0,139,573,99,0,136,583,90,0,135,594,79,0,135,619,70,0,119,320,436,0,52,593,153,0,62,553,198,0,57,417,302,0,89,620,139,0,49,457,265,0,86,353,405,0,50
27,107,WA66,1229,1126,1,0,2,288,2,14,0,6,1,802,7,2,2,233,747,57,0,89,226,32,730,52,48,2,36,57,251,779,0,39,802,113,81,0,130,96,801,117,0,112,0,0,0,0,897,19,0,210,0,0,0,0,0,0,0,0,0,0,0,912,0,214,805,163,0,158,905,0,221,917,0,209,907,0,219,889,0,237,0,0,0,0,0,0,0,0,0,0,0,0,0,807,124,1,194,785,143,0,198,782,118,0,226,755,140,1,230,768,130,0,228,773,124,0,229,722,169,0,235,767,125,0,234,768,123,0,235,772,124,0,230,495,550,0,81,802,221,0,103,779,255,0,92,562,425,0,139,815,221,0,90,642,335,0,149,531,504,0,91
27,108,WA67,1343,1213,0,1,3,181,1,34,1,5,2,968,11,0,6,141,919,71,0,82,124,46,857,70,75,1,40,75,156,936,1,45,961,98,45,0,109,84,940,95,0,94,0,0,0,0,1053,20,0,140,0,0,0,0,0,0,0,0,0,0,0,1054,0,159,965,149,1,98,1053,0,160,1052,0,161,1056,0,157,1027,0,186,0,0,0,0,0,0,0,0,0,0,0,0,0,901,121,2,189,900,124,0,189,896,111,0,206,862,130,0,221,874,120,0,219,881,110,1,221,835,152,1,225,879,121,0,213,870,126,0,217,915,116,0,182,486,668,0,59,872,265,0,76,844,304,0,65,641,459,0,113,936,213,0,64,717,380,0,116,557,585,1,70
27,109,WA68,1513,1420,0,0,7,164,0,32,0,0,0,1197,14,0,6,134,1113,68,0,105,127,62,975,107,94,3,52,79,131,1145,0,65,1149,92,44,0,135,78,1145,77,0,120,0,0,0,0,1234,13,0,173,0,0,0,0,0,0,0,0,0,0,0,1237,0,183,1162,130,1,127,1225,0,195,1227,0,193,1220,0,200,1199,0,221,0,0,0,0,0,0,0,0,0,0,0,0,0,1029,152,1,238,1012,165,0,243,1009,145,1,265,976,164,0,280,988,156,0,276,996,148,0,276,924,213,0,283,989,169,0,262,989,153,0,278,1028,142,0,250,529,803,0,88,988,300,0,132,935,361,0,124,739,516,0,165,1061,269,0,90,808,433,0,179,594,706,1,119
27,110,WA69,1272,1213,0,0,6,204,5,20,1,2,0,961,8,0,6,167,906,41,1,98,160,27,899,48,39,2,38,52,174,930,0,57,945,88,48,0,132,81,941,71,0,120,0,0,0,0,0,0,0,0,1011,0,202,0,0,0,0,0,0,0,0,993,0,220,971,122,0,120,1015,0,198,1021,0,192,1015,0,198,1002,0,211,0,0,0,0,0,0,0,0,0,0,0,0,0,885,117,1,210,874,129,0,210,890,115,0,208,865,129,1,218,868,123,1,221,860,132,0,221,825,161,0,227,858,141,0,214,872,122,1,218,878,124,0,211,510,627,0,76,849,264,0,100,834,285,0,94,648,432,0,133,907,227,2,77,699,369,0,145,567,553,0,93
27,111,WA70,978,877,0,0,1,129,4,17,0,1,0,715,5,0,5,100,674,37,0,66,101,26,613,37,72,0,28,47,102,693,0,35,683,61,41,0,92,46,680,60,0,91,0,0,0,0,745,10,0,122,0,0,0,0,0,0,0,0,0,0,0,757,0,120,702,85,0,90,748,0,129,748,0,129,748,0,129,729,0,148,0,0,0,0,0,0,0,0,0,0,0,0,0,645,104,2,126,634,116,1,126,628,105,2,142,610,125,1,141,615,108,1,153,620,109,0,148,591,134,1,151,613,119,1,144,623,109,0,145,646,103,0,128,337,500,0,40,602,204,0,71,590,222,0,65,371,394,0,112,674,159,0,44,488,287,0,102,406,412,0,59
27,112,WA71,1694,1618,1,2,5,394,3,21,3,1,1,1164,15,2,7,330,1091,71,0,126,302,39,1123,67,44,4,39,73,346,1141,1,57,1225,118,88,0,187,88,1244,108,0,178,0,0,0,0,1317,30,0,271,0,0,0,0,0,0,0,0,0,0,0,1355,0,263,1251,180,1,186,1325,0,293,1341,0,277,1320,0,298,1303,0,315,0,0,0,0,0,0,0,0,0,0,0,0,0,1173,192,2,251,1145,217,0,256,1158,179,0,281,1122,207,1,288,1147,182,1,288,1140,183,0,295,1085,235,0,298,1123,198,1,296,1146,179,0,293,1135,194,0,289,807,720,1,90,1210,298,0,110,1179,335,0,104,842,600,0,176,1138,380,0,100,959,490,1,168,751,760,0,107
27,113,WA72,799,757,0,0,1,129,0,22,1,3,0,585,12,3,1,109,542,42,0,64,102,28,518,35,48,3,23,51,109,568,1,28,585,68,34,1,69,65,562,54,0,76,0,0,0,0,640,12,0,105,0,0,0,0,0,0,0,0,0,0,0,661,0,96,599,91,0,67,654,0,103,658,0,99,648,0,109,639,0,118,0,0,0,0,0,0,0,0,0,0,0,0,0,565,76,2,114,554,90,1,112,553,80,1,123,542,91,1,123,535,98,2,122,549,81,2,125,526,106,1,124,546,89,1,121,547,87,1,122,558,84,0,115,313,398,0,46,552,144,0,61,521,177,0,59,380,296,1,80,559,149,0,49,425,253,0,79,355,345,0,57
27,114,WA73,1031,959,0,3,0,271,2,5,1,2,0,666,8,1,0,226,630,36,0,67,211,19,639,35,32,1,22,43,239,636,0,41,676,108,53,0,122,84,672,91,0,112,0,0,0,0,756,20,0,183,0,0,0,0,0,0,0,0,0,0,0,765,0,194,713,126,0,120,751,0,208,760,0,199,754,0,205,735,0,224,0,0,0,0,0,0,0,0,0,0,0,0,0,662,131,0,166,638,153,1,167,665,107,0,187,631,134,0,194,654,111,0,194,651,117,0,191,591,169,0,199,628,137,0,194,636,126,0,197,649,133,0,177,469,427,0,63,703,170,0,86,700,188,0,71,539,315,0,105,676,221,0,62,571,281,0,107,488,399,0,72
27,ZZZ,COUNTY TOTALS,100197,91594,14,81,298,20530,220,1742,72,187,33,67294,700,67,370,17505,62649,4273,21,7146,16698,2520,61125,4432,3860,133,2826,5107,18155,64546,11,3775,67384,8305,5459,7,10439,6964,66760,8387,11,9472,45543,13581,3,4198,22562,520,2,3765,15627,0,3910,18196,6607,3,1221,13984,4310,1,886,74384,0,17210,68933,13031,26,9604,75437,0,16157,75668,0,15926,74981,0,16613,74203,0,17391,9450,731,0,2390,8541,890,2,2375,4953,6741,225,10,3074,63706,11817,41,16030,61928,12729,27,16910,63718,10685,20,17171,61444,12394,23,17733,62645,11250,27,17672,62750,11064,24,17756,59074,14441,36,18043,62462,11830,27,17275,62604,11367,22,17601,63144,11315,2,17133,41485,45152,19,4938,65177,18605,14,7798,63485,21203,23,6883,46766,34646,11,10171,66986,18643,22,5943,52047,28848,12,10687,44035,40954,16,6589
